/*******************************************************************************
 * Size: 30 px
 * Bpp: 4
 * Opts: --font /System/Library/Fonts/Supplemental/Arial Black.ttf --size 30 --bpp 4 --format lvgl -r 0x20-0x7E -r 0xB0 --no-compress -o brutal_30.c --lv-font-name brutal_30
 ******************************************************************************/

#ifdef LV_LVGL_H_INCLUDE_SIMPLE
#include "lvgl.h"
#else
#include "lvgl.h"
#endif

#ifndef BRUTAL_30
#define BRUTAL_30 1
#endif

#if BRUTAL_30

/*-----------------
 *    BITMAPS
 *----------------*/

/*Store the image of the glyphs*/
static LV_ATTRIBUTE_LARGE_CONST const uint8_t glyph_bitmap[] = {
    /* U+0020 " " */

    /* U+0021 "!" */
    0x3f, 0xff, 0xff, 0xf3, 0x3f, 0xff, 0xff, 0xf3,
    0x3f, 0xff, 0xff, 0xf3, 0x3f, 0xff, 0xff, 0xf3,
    0x2f, 0xff, 0xff, 0xf2, 0x1f, 0xff, 0xff, 0xf1,
    0xf, 0xff, 0xff, 0xf0, 0xe, 0xff, 0xff, 0xd0,
    0xc, 0xff, 0xff, 0xb0, 0xa, 0xff, 0xff, 0x90,
    0x8, 0xff, 0xff, 0x70, 0x6, 0xff, 0xff, 0x50,
    0x4, 0xff, 0xff, 0x30, 0x2, 0xff, 0xff, 0x10,
    0x0, 0xcc, 0xcc, 0x0, 0x0, 0x0, 0x0, 0x0,
    0x4, 0x44, 0x44, 0x40, 0xf, 0xff, 0xff, 0xf0,
    0xf, 0xff, 0xff, 0xf0, 0xf, 0xff, 0xff, 0xf0,
    0xf, 0xff, 0xff, 0xf0, 0xf, 0xff, 0xff, 0xf0,

    /* U+0022 "\"" */
    0x4f, 0xff, 0xff, 0xa0, 0xaf, 0xff, 0xff, 0x44,
    0xff, 0xff, 0xfa, 0xa, 0xff, 0xff, 0xf4, 0x4f,
    0xff, 0xff, 0xa0, 0xaf, 0xff, 0xff, 0x44, 0xff,
    0xff, 0xfa, 0xa, 0xff, 0xff, 0xf4, 0x1f, 0xff,
    0xff, 0x70, 0x7f, 0xff, 0xff, 0x10, 0xdf, 0xff,
    0xf3, 0x3, 0xff, 0xff, 0xd0, 0xa, 0xff, 0xff,
    0x0, 0xf, 0xff, 0xfa, 0x0, 0x6f, 0xff, 0xc0,
    0x0, 0xcf, 0xff, 0x60,

    /* U+0023 "#" */
    0x0, 0x0, 0x0, 0xcf, 0xff, 0x50, 0x6, 0xff,
    0xfb, 0x0, 0x0, 0x0, 0xf, 0xff, 0xf2, 0x0,
    0xaf, 0xff, 0x80, 0x0, 0x0, 0x3, 0xff, 0xff,
    0x0, 0xd, 0xff, 0xf5, 0x0, 0x0, 0x0, 0x6f,
    0xff, 0xb0, 0x1, 0xff, 0xff, 0x10, 0x1, 0x11,
    0x1a, 0xff, 0xf8, 0x11, 0x5f, 0xff, 0xe1, 0x2,
    0xff, 0xff, 0xff, 0xff, 0xff, 0xff, 0xff, 0xff,
    0xfd, 0x2f, 0xff, 0xff, 0xff, 0xff, 0xff, 0xff,
    0xff, 0xff, 0xd2, 0xff, 0xff, 0xff, 0xff, 0xff,
    0xff, 0xff, 0xff, 0xfd, 0x2f, 0xff, 0xff, 0xff,
    0xff, 0xff, 0xff, 0xff, 0xff, 0xd0, 0x0, 0xa,
    0xff, 0xf8, 0x0, 0x4f, 0xff, 0xe0, 0x0, 0x0,
    0x0, 0xdf, 0xff, 0x50, 0x7, 0xff, 0xfb, 0x0,
    0x0, 0x0, 0xf, 0xff, 0xf2, 0x0, 0xaf, 0xff,
    0x80, 0x0, 0x1, 0x14, 0xff, 0xff, 0x11, 0x1d,
    0xff, 0xf6, 0x11, 0x12, 0xff, 0xff, 0xff, 0xff,
    0xff, 0xff, 0xff, 0xff, 0xfd, 0x2f, 0xff, 0xff,
    0xff, 0xff, 0xff, 0xff, 0xff, 0xff, 0xd2, 0xff,
    0xff, 0xff, 0xff, 0xff, 0xff, 0xff, 0xff, 0xfd,
    0x2f, 0xff, 0xff, 0xff, 0xff, 0xff, 0xff, 0xff,
    0xff, 0xd0, 0x2, 0xff, 0xff, 0x0, 0xd, 0xff,
    0xf5, 0x0, 0x0, 0x0, 0x6f, 0xff, 0xb0, 0x0,
    0xff, 0xff, 0x20, 0x0, 0x0, 0x9, 0xff, 0xf8,
    0x0, 0x4f, 0xff, 0xe0, 0x0, 0x0, 0x0, 0xdf,
    0xff, 0x50, 0x7, 0xff, 0xfb, 0x0, 0x0, 0x0,
    0xf, 0xff, 0xf1, 0x0, 0xaf, 0xff, 0x80, 0x0,
    0x0,

    /* U+0024 "$" */
    0x0, 0x0, 0x0, 0x0, 0x6, 0x60, 0x0, 0x0,
    0x0, 0x0, 0x0, 0x0, 0x0, 0x1, 0xff, 0x0,
    0x0, 0x0, 0x0, 0x0, 0x0, 0x7, 0xbe, 0xff,
    0xff, 0xeb, 0x70, 0x0, 0x0, 0x0, 0x4e, 0xff,
    0xff, 0xff, 0xff, 0xff, 0xe3, 0x0, 0x0, 0x2f,
    0xff, 0xff, 0xff, 0xff, 0xff, 0xff, 0xf2, 0x0,
    0xc, 0xff, 0xff, 0xfe, 0xff, 0xff, 0xff, 0xff,
    0xb0, 0x1, 0xff, 0xff, 0xfa, 0x1f, 0xf2, 0xef,
    0xff, 0xff, 0x10, 0x4f, 0xff, 0xff, 0x41, 0xff,
    0x6, 0xec, 0x97, 0x40, 0x5, 0xff, 0xff, 0xf8,
    0x1f, 0xf0, 0x0, 0x0, 0x0, 0x0, 0x3f, 0xff,
    0xff, 0xfc, 0xff, 0x0, 0x0, 0x0, 0x0, 0x0,
    0xdf, 0xff, 0xff, 0xff, 0xfd, 0x83, 0x0, 0x0,
    0x0, 0x5, 0xff, 0xff, 0xff, 0xff, 0xff, 0xfd,
    0x50, 0x0, 0x0, 0x8, 0xff, 0xff, 0xff, 0xff,
    0xff, 0xff, 0xc1, 0x0, 0x0, 0x4, 0xcf, 0xff,
    0xff, 0xff, 0xff, 0xff, 0xc0, 0x0, 0x0, 0x0,
    0x16, 0xbf, 0xff, 0xff, 0xff, 0xff, 0x60, 0x0,
    0x0, 0x0, 0x1, 0xff, 0xbf, 0xff, 0xff, 0xfb,
    0x0, 0x0, 0x1, 0x20, 0x1f, 0xf0, 0x3f, 0xff,
    0xff, 0xe1, 0x9b, 0xdf, 0xfe, 0x1, 0xff, 0x0,
    0xaf, 0xff, 0xfe, 0xf, 0xff, 0xff, 0xf3, 0x1f,
    0xf0, 0xb, 0xff, 0xff, 0xc0, 0x9f, 0xff, 0xff,
    0xe5, 0xff, 0x7, 0xff, 0xff, 0xf7, 0x2, 0xff,
    0xff, 0xff, 0xff, 0xff, 0xff, 0xff, 0xfe, 0x0,
    0x5, 0xff, 0xff, 0xff, 0xff, 0xff, 0xff, 0xff,
    0x30, 0x0, 0x3, 0xdf, 0xff, 0xff, 0xff, 0xff,
    0xfd, 0x30, 0x0, 0x0, 0x0, 0x5a, 0xdf, 0xff,
    0xfe, 0xb6, 0x0, 0x0, 0x0, 0x0, 0x0, 0x0,
    0x1f, 0xf0, 0x0, 0x0, 0x0, 0x0, 0x0, 0x0,
    0x0, 0x1, 0xff, 0x0, 0x0, 0x0, 0x0, 0x0,
    0x0, 0x0, 0x0, 0x1f, 0xf0, 0x0, 0x0, 0x0,
    0x0,

    /* U+0025 "%" */
    0x0, 0x6, 0xce, 0xfe, 0xa3, 0x0, 0x0, 0x0,
    0x0, 0x9f, 0xf8, 0x0, 0x0, 0x0, 0x1, 0xcf,
    0xff, 0xff, 0xff, 0x60, 0x0, 0x0, 0x2, 0xff,
    0xe0, 0x0, 0x0, 0x0, 0xa, 0xff, 0xfc, 0x9f,
    0xff, 0xf3, 0x0, 0x0, 0xa, 0xff, 0x60, 0x0,
    0x0, 0x0, 0x2f, 0xff, 0xe0, 0x7, 0xff, 0xfb,
    0x0, 0x0, 0x3f, 0xfd, 0x0, 0x0, 0x0, 0x0,
    0x6f, 0xff, 0xa0, 0x2, 0xff, 0xff, 0x0, 0x0,
    0xbf, 0xf5, 0x0, 0x0, 0x0, 0x0, 0x8f, 0xff,
    0x90, 0x1, 0xff, 0xff, 0x0, 0x4, 0xff, 0xc0,
    0x0, 0x0, 0x0, 0x0, 0x7f, 0xff, 0x90, 0x1,
    0xff, 0xff, 0x0, 0xc, 0xff, 0x40, 0x0, 0x0,
    0x0, 0x0, 0x4f, 0xff, 0xc0, 0x4, 0xff, 0xfd,
    0x0, 0x5f, 0xfb, 0x0, 0x0, 0x0, 0x0, 0x0,
    0xe, 0xff, 0xf4, 0x1b, 0xff, 0xf7, 0x0, 0xdf,
    0xf3, 0x0, 0x0, 0x0, 0x0, 0x0, 0x4, 0xff,
    0xff, 0xff, 0xff, 0xc0, 0x6, 0xff, 0xa0, 0x0,
    0x0, 0x0, 0x0, 0x0, 0x0, 0x4d, 0xff, 0xff,
    0xfa, 0x0, 0xe, 0xff, 0x20, 0x0, 0x0, 0x0,
    0x0, 0x0, 0x0, 0x0, 0x35, 0x65, 0x10, 0x0,
    0x8f, 0xf9, 0x0, 0x2, 0x67, 0x74, 0x0, 0x0,
    0x0, 0x0, 0x0, 0x0, 0x0, 0x1, 0xff, 0xf1,
    0x1, 0xaf, 0xff, 0xff, 0xe5, 0x0, 0x0, 0x0,
    0x0, 0x0, 0x0, 0x9, 0xff, 0x70, 0xd, 0xff,
    0xff, 0xff, 0xff, 0x50, 0x0, 0x0, 0x0, 0x0,
    0x0, 0x2f, 0xfe, 0x0, 0x7f, 0xff, 0xb1, 0x4f,
    0xff, 0xe0, 0x0, 0x0, 0x0, 0x0, 0x0, 0xaf,
    0xf6, 0x0, 0xcf, 0xff, 0x40, 0xc, 0xff, 0xf5,
    0x0, 0x0, 0x0, 0x0, 0x3, 0xff, 0xd0, 0x0,
    0xff, 0xff, 0x10, 0xa, 0xff, 0xf7, 0x0, 0x0,
    0x0, 0x0, 0xb, 0xff, 0x50, 0x0, 0xff, 0xff,
    0x0, 0x9, 0xff, 0xf8, 0x0, 0x0, 0x0, 0x0,
    0x4f, 0xfc, 0x0, 0x0, 0xef, 0xff, 0x20, 0xa,
    0xff, 0xf6, 0x0, 0x0, 0x0, 0x0, 0xcf, 0xf4,
    0x0, 0x0, 0xaf, 0xff, 0x60, 0xe, 0xff, 0xf2,
    0x0, 0x0, 0x0, 0x5, 0xff, 0xb0, 0x0, 0x0,
    0x3f, 0xff, 0xf9, 0xcf, 0xff, 0xa0, 0x0, 0x0,
    0x0, 0xd, 0xff, 0x30, 0x0, 0x0, 0x6, 0xff,
    0xff, 0xff, 0xfc, 0x10, 0x0, 0x0, 0x0, 0x6f,
    0xfa, 0x0, 0x0, 0x0, 0x0, 0x39, 0xdf, 0xfc,
    0x60, 0x0,

    /* U+0026 "&" */
    0x0, 0x0, 0x0, 0x4a, 0xdf, 0xff, 0xda, 0x50,
    0x0, 0x0, 0x0, 0x0, 0x0, 0x0, 0xb, 0xff,
    0xff, 0xff, 0xff, 0xfc, 0x10, 0x0, 0x0, 0x0,
    0x0, 0x0, 0xbf, 0xff, 0xff, 0xff, 0xff, 0xff,
    0xc0, 0x0, 0x0, 0x0, 0x0, 0x3, 0xff, 0xff,
    0xfa, 0x46, 0xef, 0xff, 0xf4, 0x0, 0x0, 0x0,
    0x0, 0x7, 0xff, 0xff, 0xc0, 0x0, 0x6f, 0xff,
    0xf7, 0x0, 0x0, 0x0, 0x0, 0x8, 0xff, 0xff,
    0xc0, 0x0, 0x7f, 0xff, 0xf6, 0x0, 0x0, 0x0,
    0x0, 0x5, 0xff, 0xff, 0xf5, 0x3, 0xff, 0xff,
    0xf1, 0x0, 0x0, 0x0, 0x0, 0x0, 0xef, 0xff,
    0xff, 0x8f, 0xff, 0xff, 0x80, 0x0, 0x0, 0x0,
    0x0, 0x0, 0x6f, 0xff, 0xff, 0xff, 0xff, 0xf9,
    0x0, 0x0, 0x0, 0x0, 0x0, 0x0, 0xc, 0xff,
    0xff, 0xff, 0xff, 0x50, 0x0, 0x0, 0x0, 0x0,
    0x0, 0x4, 0xcf, 0xff, 0xff, 0xff, 0xf7, 0x0,
    0x0, 0x0, 0x0, 0x0, 0x0, 0x8f, 0xff, 0xff,
    0xff, 0xff, 0xff, 0x70, 0xa, 0x63, 0x0, 0x0,
    0x8, 0xff, 0xff, 0xff, 0xdf, 0xff, 0xff, 0xf9,
    0x5f, 0xff, 0xf8, 0x0, 0x2f, 0xff, 0xff, 0xe3,
    0x1c, 0xff, 0xff, 0xff, 0xff, 0xff, 0xf6, 0x0,
    0x8f, 0xff, 0xff, 0x50, 0x0, 0xbf, 0xff, 0xff,
    0xff, 0xff, 0xf1, 0x0, 0xbf, 0xff, 0xff, 0x20,
    0x0, 0xa, 0xff, 0xff, 0xff, 0xff, 0x80, 0x0,
    0xbf, 0xff, 0xff, 0x70, 0x0, 0x0, 0x7f, 0xff,
    0xff, 0xff, 0xa0, 0x0, 0x8f, 0xff, 0xff, 0xf6,
    0x0, 0x4, 0xcf, 0xff, 0xff, 0xff, 0xfe, 0x40,
    0x1f, 0xff, 0xff, 0xff, 0xfd, 0xff, 0xff, 0xff,
    0xff, 0xff, 0xff, 0xf2, 0x6, 0xff, 0xff, 0xff,
    0xff, 0xff, 0xff, 0xff, 0xff, 0xff, 0xff, 0x60,
    0x0, 0x5e, 0xff, 0xff, 0xff, 0xff, 0xff, 0xf8,
    0x5, 0xef, 0xf8, 0x0, 0x0, 0x0, 0x6a, 0xde,
    0xff, 0xec, 0x95, 0x0, 0x0, 0x9, 0xa0, 0x0,

    /* U+0027 "'" */
    0xcf, 0xff, 0xff, 0x3c, 0xff, 0xff, 0xf3, 0xcf,
    0xff, 0xff, 0x3b, 0xff, 0xff, 0xf2, 0x8f, 0xff,
    0xff, 0x5, 0xff, 0xff, 0xc0, 0x1f, 0xff, 0xf8,
    0x0, 0xdf, 0xff, 0x50,

    /* U+0028 "(" */
    0x0, 0x0, 0x9, 0xff, 0xf4, 0x0, 0x0, 0x4f,
    0xff, 0xd0, 0x0, 0x0, 0xef, 0xff, 0x70, 0x0,
    0x8, 0xff, 0xff, 0x10, 0x0, 0x1f, 0xff, 0xfb,
    0x0, 0x0, 0x8f, 0xff, 0xf6, 0x0, 0x0, 0xef,
    0xff, 0xf1, 0x0, 0x5, 0xff, 0xff, 0xd0, 0x0,
    0xa, 0xff, 0xff, 0x90, 0x0, 0xd, 0xff, 0xff,
    0x70, 0x0, 0x1f, 0xff, 0xff, 0x40, 0x0, 0x3f,
    0xff, 0xff, 0x20, 0x0, 0x4f, 0xff, 0xff, 0x10,
    0x0, 0x5f, 0xff, 0xff, 0x0, 0x0, 0x5f, 0xff,
    0xff, 0x0, 0x0, 0x4f, 0xff, 0xff, 0x10, 0x0,
    0x3f, 0xff, 0xff, 0x20, 0x0, 0xf, 0xff, 0xff,
    0x30, 0x0, 0xd, 0xff, 0xff, 0x60, 0x0, 0x9,
    0xff, 0xff, 0x90, 0x0, 0x4, 0xff, 0xff, 0xc0,
    0x0, 0x0, 0xef, 0xff, 0xf0, 0x0, 0x0, 0x7f,
    0xff, 0xf5, 0x0, 0x0, 0xe, 0xff, 0xfa, 0x0,
    0x0, 0x7, 0xff, 0xff, 0x0, 0x0, 0x0, 0xdf,
    0xff, 0x60, 0x0, 0x0, 0x3f, 0xff, 0xd0, 0x0,
    0x0, 0x8, 0xff, 0xf4,

    /* U+0029 ")" */
    0x9f, 0xff, 0x40, 0x0, 0x0, 0x2f, 0xff, 0xe1,
    0x0, 0x0, 0xc, 0xff, 0xf9, 0x0, 0x0, 0x6,
    0xff, 0xff, 0x30, 0x0, 0x0, 0xff, 0xff, 0xb0,
    0x0, 0x0, 0xbf, 0xff, 0xf3, 0x0, 0x0, 0x6f,
    0xff, 0xfa, 0x0, 0x0, 0x2f, 0xff, 0xff, 0x0,
    0x0, 0xf, 0xff, 0xff, 0x40, 0x0, 0xc, 0xff,
    0xff, 0x80, 0x0, 0x9, 0xff, 0xff, 0xb0, 0x0,
    0x7, 0xff, 0xff, 0xd0, 0x0, 0x7, 0xff, 0xff,
    0xf0, 0x0, 0x6, 0xff, 0xff, 0xf0, 0x0, 0x5,
    0xff, 0xff, 0xf0, 0x0, 0x6, 0xff, 0xff, 0xf0,
    0x0, 0x7, 0xff, 0xff, 0xd0, 0x0, 0x8, 0xff,
    0xff, 0xb0, 0x0, 0xb, 0xff, 0xff, 0x80, 0x0,
    0xe, 0xff, 0xff, 0x40, 0x0, 0x1f, 0xff, 0xfe,
    0x0, 0x0, 0x5f, 0xff, 0xf9, 0x0, 0x0, 0xaf,
    0xff, 0xf2, 0x0, 0x0, 0xff, 0xff, 0xa0, 0x0,
    0x5, 0xff, 0xff, 0x20, 0x0, 0xb, 0xff, 0xf8,
    0x0, 0x0, 0x2f, 0xff, 0xd0, 0x0, 0x0, 0x9f,
    0xff, 0x30, 0x0, 0x0,

    /* U+002A "*" */
    0x0, 0x0, 0x4f, 0xfd, 0x0, 0x0, 0x0, 0x0,
    0x2f, 0xfb, 0x0, 0x0, 0x5, 0x50, 0xf, 0xf8,
    0x1, 0x80, 0xc, 0xfe, 0x5d, 0xf7, 0x8f, 0xf5,
    0x1f, 0xff, 0xff, 0xff, 0xff, 0xfa, 0x28, 0xbd,
    0xff, 0xff, 0xfe, 0xb7, 0x0, 0x1, 0xdf, 0xff,
    0x70, 0x0, 0x0, 0x2e, 0xff, 0xbf, 0xf7, 0x0,
    0x1, 0xef, 0xfa, 0x3f, 0xff, 0x50, 0x0, 0x7f,
    0xf2, 0xa, 0xfc, 0x10, 0x0, 0x3, 0x70, 0x2,
    0x80, 0x0,

    /* U+002B "+" */
    0x0, 0x0, 0x0, 0x1, 0x11, 0x10, 0x0, 0x0,
    0x0, 0x0, 0x0, 0x8, 0xff, 0xff, 0x30, 0x0,
    0x0, 0x0, 0x0, 0x0, 0x8f, 0xff, 0xf3, 0x0,
    0x0, 0x0, 0x0, 0x0, 0x8, 0xff, 0xff, 0x30,
    0x0, 0x0, 0x0, 0x0, 0x0, 0x8f, 0xff, 0xf3,
    0x0, 0x0, 0x0, 0x0, 0x0, 0x8, 0xff, 0xff,
    0x30, 0x0, 0x0, 0x1c, 0xcc, 0xcc, 0xef, 0xff,
    0xfd, 0xcc, 0xcc, 0xa2, 0xff, 0xff, 0xff, 0xff,
    0xff, 0xff, 0xff, 0xfd, 0x2f, 0xff, 0xff, 0xff,
    0xff, 0xff, 0xff, 0xff, 0xd2, 0xff, 0xff, 0xff,
    0xff, 0xff, 0xff, 0xff, 0xfd, 0x2f, 0xff, 0xff,
    0xff, 0xff, 0xff, 0xff, 0xff, 0xd0, 0x0, 0x0,
    0x8, 0xff, 0xff, 0x30, 0x0, 0x0, 0x0, 0x0,
    0x0, 0x8f, 0xff, 0xf3, 0x0, 0x0, 0x0, 0x0,
    0x0, 0x8, 0xff, 0xff, 0x30, 0x0, 0x0, 0x0,
    0x0, 0x0, 0x8f, 0xff, 0xf3, 0x0, 0x0, 0x0,
    0x0, 0x0, 0x8, 0xff, 0xff, 0x30, 0x0, 0x0,
    0x0, 0x0, 0x0, 0x8f, 0xff, 0xf3, 0x0, 0x0,
    0x0,

    /* U+002C "," */
    0x2f, 0xff, 0xff, 0xf2, 0x3f, 0xff, 0xff, 0xf3,
    0x3f, 0xff, 0xff, 0xf3, 0x3f, 0xff, 0xff, 0xf3,
    0x3f, 0xff, 0xff, 0xf2, 0x3f, 0xff, 0xff, 0xf2,
    0x0, 0x3, 0xff, 0xf1, 0x0, 0xa, 0xff, 0xd0,
    0x0, 0x8f, 0xff, 0x70, 0xd, 0xff, 0xfd, 0x0,
    0xa, 0xff, 0xc1, 0x0, 0x2, 0xd6, 0x0, 0x0,
    0x0, 0x0, 0x0, 0x0,

    /* U+002D "-" */
    0x3a, 0xaa, 0xaa, 0xaa, 0xa3, 0x5f, 0xff, 0xff,
    0xff, 0xf5, 0x5f, 0xff, 0xff, 0xff, 0xf5, 0x5f,
    0xff, 0xff, 0xff, 0xf5, 0x5f, 0xff, 0xff, 0xff,
    0xf5,

    /* U+002E "." */
    0x0, 0x0, 0x0, 0x0, 0x3f, 0xff, 0xff, 0xf3,
    0x3f, 0xff, 0xff, 0xf3, 0x3f, 0xff, 0xff, 0xf3,
    0x3f, 0xff, 0xff, 0xf3, 0x3f, 0xff, 0xff, 0xf3,
    0x3f, 0xff, 0xff, 0xf3,

    /* U+002F "/" */
    0x0, 0x0, 0xc, 0xff, 0x40, 0x0, 0x0, 0xff,
    0xf1, 0x0, 0x0, 0x3f, 0xfc, 0x0, 0x0, 0x7,
    0xff, 0x90, 0x0, 0x0, 0xbf, 0xf5, 0x0, 0x0,
    0xf, 0xff, 0x10, 0x0, 0x3, 0xff, 0xd0, 0x0,
    0x0, 0x7f, 0xf9, 0x0, 0x0, 0xb, 0xff, 0x50,
    0x0, 0x0, 0xef, 0xf1, 0x0, 0x0, 0x2f, 0xfd,
    0x0, 0x0, 0x6, 0xff, 0x90, 0x0, 0x0, 0xaf,
    0xf5, 0x0, 0x0, 0xe, 0xff, 0x10, 0x0, 0x2,
    0xff, 0xd0, 0x0, 0x0, 0x6f, 0xf9, 0x0, 0x0,
    0xa, 0xff, 0x60, 0x0, 0x0, 0xef, 0xf2, 0x0,
    0x0, 0x2f, 0xfe, 0x0, 0x0, 0x6, 0xff, 0xa0,
    0x0, 0x0, 0x9f, 0xf6, 0x0, 0x0, 0xd, 0xff,
    0x20, 0x0, 0x0,

    /* U+0030 "0" */
    0x0, 0x0, 0x17, 0xbe, 0xff, 0xec, 0x81, 0x0,
    0x0, 0x0, 0x7, 0xff, 0xff, 0xff, 0xff, 0xff,
    0x70, 0x0, 0x0, 0x9f, 0xff, 0xff, 0xff, 0xff,
    0xff, 0xf8, 0x0, 0x4, 0xff, 0xff, 0xff, 0xff,
    0xff, 0xff, 0xff, 0x30, 0xc, 0xff, 0xff, 0xf9,
    0x11, 0xaf, 0xff, 0xff, 0xb0, 0x1f, 0xff, 0xff,
    0xd0, 0x0, 0xd, 0xff, 0xff, 0xf1, 0x5f, 0xff,
    0xff, 0x80, 0x0, 0x8, 0xff, 0xff, 0xf4, 0x8f,
    0xff, 0xff, 0x50, 0x0, 0x5, 0xff, 0xff, 0xf7,
    0xaf, 0xff, 0xff, 0x30, 0x0, 0x4, 0xff, 0xff,
    0xfa, 0xbf, 0xff, 0xff, 0x20, 0x0, 0x3, 0xff,
    0xff, 0xfb, 0xbf, 0xff, 0xff, 0x20, 0x0, 0x2,
    0xff, 0xff, 0xfc, 0xbf, 0xff, 0xff, 0x20, 0x0,
    0x2, 0xff, 0xff, 0xfb, 0xbf, 0xff, 0xff, 0x30,
    0x0, 0x2, 0xff, 0xff, 0xfb, 0x9f, 0xff, 0xff,
    0x40, 0x0, 0x3, 0xff, 0xff, 0xfa, 0x7f, 0xff,
    0xff, 0x50, 0x0, 0x5, 0xff, 0xff, 0xf7, 0x4f,
    0xff, 0xff, 0x90, 0x0, 0x8, 0xff, 0xff, 0xf5,
    0xf, 0xff, 0xff, 0xe0, 0x0, 0xe, 0xff, 0xff,
    0xf1, 0xa, 0xff, 0xff, 0xfb, 0x33, 0xbf, 0xff,
    0xff, 0xb0, 0x2, 0xff, 0xff, 0xff, 0xff, 0xff,
    0xff, 0xff, 0x40, 0x0, 0x6f, 0xff, 0xff, 0xff,
    0xff, 0xff, 0xf9, 0x0, 0x0, 0x5, 0xff, 0xff,
    0xff, 0xff, 0xff, 0x80, 0x0, 0x0, 0x0, 0x17,
    0xce, 0xff, 0xec, 0x72, 0x0, 0x0,

    /* U+0031 "1" */
    0x0, 0x0, 0x0, 0x7, 0xff, 0xff, 0xc0, 0x0,
    0x0, 0x2, 0xff, 0xff, 0xfc, 0x0, 0x0, 0x1,
    0xdf, 0xff, 0xff, 0xc0, 0x0, 0x2, 0xdf, 0xff,
    0xff, 0xfc, 0x0, 0x7, 0xff, 0xff, 0xff, 0xff,
    0xc2, 0x9f, 0xff, 0xff, 0xff, 0xff, 0xfc, 0x8f,
    0xff, 0xff, 0xff, 0xff, 0xff, 0xc8, 0xff, 0xff,
    0xfd, 0xff, 0xff, 0xfc, 0x8f, 0xff, 0xf6, 0x4f,
    0xff, 0xff, 0xc8, 0xff, 0x81, 0x4, 0xff, 0xff,
    0xfc, 0x55, 0x0, 0x0, 0x4f, 0xff, 0xff, 0xc0,
    0x0, 0x0, 0x4, 0xff, 0xff, 0xfc, 0x0, 0x0,
    0x0, 0x4f, 0xff, 0xff, 0xc0, 0x0, 0x0, 0x4,
    0xff, 0xff, 0xfc, 0x0, 0x0, 0x0, 0x4f, 0xff,
    0xff, 0xc0, 0x0, 0x0, 0x4, 0xff, 0xff, 0xfc,
    0x0, 0x0, 0x0, 0x4f, 0xff, 0xff, 0xc0, 0x0,
    0x0, 0x4, 0xff, 0xff, 0xfc, 0x0, 0x0, 0x0,
    0x4f, 0xff, 0xff, 0xc0, 0x0, 0x0, 0x4, 0xff,
    0xff, 0xfc, 0x0, 0x0, 0x0, 0x4f, 0xff, 0xff,
    0xc0, 0x0, 0x0, 0x4, 0xff, 0xff, 0xfc,

    /* U+0032 "2" */
    0x0, 0x0, 0x5, 0xad, 0xff, 0xfe, 0xda, 0x50,
    0x0, 0x0, 0x0, 0x3d, 0xff, 0xff, 0xff, 0xff,
    0xff, 0xd3, 0x0, 0x0, 0x2e, 0xff, 0xff, 0xff,
    0xff, 0xff, 0xff, 0xf2, 0x0, 0xc, 0xff, 0xff,
    0xff, 0xff, 0xff, 0xff, 0xff, 0xd0, 0x3, 0xff,
    0xff, 0xff, 0xa3, 0x39, 0xff, 0xff, 0xff, 0x40,
    0x7f, 0xff, 0xff, 0xb0, 0x0, 0xb, 0xff, 0xff,
    0xf7, 0xa, 0xff, 0xff, 0xf6, 0x0, 0x0, 0x7f,
    0xff, 0xff, 0x80, 0x0, 0x12, 0x45, 0x10, 0x0,
    0xa, 0xff, 0xff, 0xf6, 0x0, 0x0, 0x0, 0x0,
    0x0, 0x3, 0xff, 0xff, 0xff, 0x20, 0x0, 0x0,
    0x0, 0x0, 0x3, 0xef, 0xff, 0xff, 0xb0, 0x0,
    0x0, 0x0, 0x0, 0x5, 0xff, 0xff, 0xff, 0xf2,
    0x0, 0x0, 0x0, 0x0, 0x9, 0xff, 0xff, 0xff,
    0xf4, 0x0, 0x0, 0x0, 0x0, 0x1c, 0xff, 0xff,
    0xff, 0xe3, 0x0, 0x0, 0x0, 0x0, 0x2e, 0xff,
    0xff, 0xff, 0xc2, 0x0, 0x0, 0x0, 0x0, 0x3f,
    0xff, 0xff, 0xff, 0x80, 0x0, 0x0, 0x0, 0x0,
    0x3f, 0xff, 0xff, 0xfe, 0x40, 0x0, 0x0, 0x0,
    0x0, 0x1e, 0xff, 0xff, 0xfe, 0x20, 0x0, 0x0,
    0x0, 0x0, 0xa, 0xff, 0xff, 0xff, 0xfe, 0xee,
    0xee, 0xee, 0xe9, 0x3, 0xff, 0xff, 0xff, 0xff,
    0xff, 0xff, 0xff, 0xff, 0xb0, 0x9f, 0xff, 0xff,
    0xff, 0xff, 0xff, 0xff, 0xff, 0xfb, 0xe, 0xff,
    0xff, 0xff, 0xff, 0xff, 0xff, 0xff, 0xff, 0xb1,
    0xff, 0xff, 0xff, 0xff, 0xff, 0xff, 0xff, 0xff,
    0xfb,

    /* U+0033 "3" */
    0x0, 0x0, 0x4a, 0xde, 0xff, 0xec, 0x83, 0x0,
    0x0, 0x0, 0x2c, 0xff, 0xff, 0xff, 0xff, 0xff,
    0xa0, 0x0, 0x2, 0xef, 0xff, 0xff, 0xff, 0xff,
    0xff, 0xfb, 0x0, 0xc, 0xff, 0xff, 0xff, 0xce,
    0xff, 0xff, 0xff, 0x40, 0x4f, 0xff, 0xff, 0xc1,
    0x0, 0xaf, 0xff, 0xff, 0x90, 0x4b, 0xdf, 0xff,
    0x40, 0x0, 0x3f, 0xff, 0xff, 0xa0, 0x0, 0x0,
    0x36, 0x0, 0x0, 0x5f, 0xff, 0xff, 0x80, 0x0,
    0x0, 0x0, 0x0, 0x3, 0xef, 0xff, 0xff, 0x20,
    0x0, 0x0, 0x0, 0xa, 0xef, 0xff, 0xff, 0xf5,
    0x0, 0x0, 0x0, 0x0, 0xc, 0xff, 0xff, 0xfe,
    0x30, 0x0, 0x0, 0x0, 0x0, 0xd, 0xff, 0xff,
    0xff, 0xe7, 0x0, 0x0, 0x0, 0x0, 0xf, 0xff,
    0xff, 0xff, 0xff, 0xa0, 0x0, 0x0, 0x0, 0x3,
    0x1, 0x7f, 0xff, 0xff, 0xf4, 0x0, 0x0, 0x0,
    0x0, 0x0, 0x9, 0xff, 0xff, 0xfa, 0x0, 0x0,
    0x0, 0x0, 0x0, 0x4, 0xff, 0xff, 0xfc, 0x13,
    0x58, 0xac, 0x10, 0x0, 0x4, 0xff, 0xff, 0xfb,
    0xbf, 0xff, 0xff, 0x60, 0x0, 0x7, 0xff, 0xff,
    0xf8, 0x5f, 0xff, 0xff, 0xe2, 0x0, 0x3f, 0xff,
    0xff, 0xf3, 0xc, 0xff, 0xff, 0xff, 0xbc, 0xff,
    0xff, 0xff, 0xb0, 0x2, 0xef, 0xff, 0xff, 0xff,
    0xff, 0xff, 0xfe, 0x10, 0x0, 0x1b, 0xff, 0xff,
    0xff, 0xff, 0xff, 0xb1, 0x0, 0x0, 0x0, 0x49,
    0xde, 0xff, 0xfd, 0x94, 0x0, 0x0,

    /* U+0034 "4" */
    0x0, 0x0, 0x0, 0x0, 0x0, 0x1d, 0xff, 0xff,
    0xb0, 0x0, 0x0, 0x0, 0x0, 0x0, 0x0, 0xbf,
    0xff, 0xff, 0xb0, 0x0, 0x0, 0x0, 0x0, 0x0,
    0x9, 0xff, 0xff, 0xff, 0xb0, 0x0, 0x0, 0x0,
    0x0, 0x0, 0x6f, 0xff, 0xff, 0xff, 0xb0, 0x0,
    0x0, 0x0, 0x0, 0x4, 0xff, 0xff, 0xff, 0xff,
    0xb0, 0x0, 0x0, 0x0, 0x0, 0x2f, 0xff, 0xff,
    0xff, 0xff, 0xb0, 0x0, 0x0, 0x0, 0x1, 0xdf,
    0xff, 0xfe, 0xff, 0xff, 0xb0, 0x0, 0x0, 0x0,
    0xb, 0xff, 0xff, 0xa8, 0xff, 0xff, 0xb0, 0x0,
    0x0, 0x0, 0x9f, 0xff, 0xfc, 0x8, 0xff, 0xff,
    0xb0, 0x0, 0x0, 0x6, 0xff, 0xff, 0xe1, 0x8,
    0xff, 0xff, 0xb0, 0x0, 0x0, 0x4f, 0xff, 0xff,
    0x20, 0x8, 0xff, 0xff, 0xb0, 0x0, 0x2, 0xef,
    0xff, 0xf4, 0x0, 0x8, 0xff, 0xff, 0xb0, 0x0,
    0x1d, 0xff, 0xff, 0x70, 0x0, 0x8, 0xff, 0xff,
    0xb0, 0x0, 0x6f, 0xff, 0xff, 0xaa, 0xaa, 0xad,
    0xff, 0xff, 0xea, 0xa3, 0x6f, 0xff, 0xff, 0xff,
    0xff, 0xff, 0xff, 0xff, 0xff, 0xf6, 0x6f, 0xff,
    0xff, 0xff, 0xff, 0xff, 0xff, 0xff, 0xff, 0xf6,
    0x6f, 0xff, 0xff, 0xff, 0xff, 0xff, 0xff, 0xff,
    0xff, 0xf6, 0x6f, 0xff, 0xff, 0xff, 0xff, 0xff,
    0xff, 0xff, 0xff, 0xf6, 0x0, 0x0, 0x0, 0x0,
    0x0, 0x8, 0xff, 0xff, 0xb0, 0x0, 0x0, 0x0,
    0x0, 0x0, 0x0, 0x8, 0xff, 0xff, 0xb0, 0x0,
    0x0, 0x0, 0x0, 0x0, 0x0, 0x8, 0xff, 0xff,
    0xb0, 0x0, 0x0, 0x0, 0x0, 0x0, 0x0, 0x8,
    0xff, 0xff, 0xb0, 0x0,

    /* U+0035 "5" */
    0x0, 0x7, 0xff, 0xff, 0xff, 0xff, 0xff, 0xff,
    0xfd, 0x0, 0x0, 0x9f, 0xff, 0xff, 0xff, 0xff,
    0xff, 0xff, 0xd0, 0x0, 0xc, 0xff, 0xff, 0xff,
    0xff, 0xff, 0xff, 0xfd, 0x0, 0x0, 0xef, 0xff,
    0xff, 0xff, 0xff, 0xff, 0xff, 0xd0, 0x0, 0x1f,
    0xff, 0xff, 0xdc, 0xcc, 0xcc, 0xcc, 0xca, 0x0,
    0x4, 0xff, 0xff, 0xf1, 0x0, 0x0, 0x0, 0x0,
    0x0, 0x0, 0x6f, 0xff, 0xfe, 0x0, 0x0, 0x0,
    0x0, 0x0, 0x0, 0x9, 0xff, 0xff, 0xc5, 0xbd,
    0xfe, 0xc7, 0x10, 0x0, 0x0, 0xbf, 0xff, 0xff,
    0xff, 0xff, 0xff, 0xfe, 0x40, 0x0, 0xe, 0xff,
    0xff, 0xff, 0xff, 0xff, 0xff, 0xff, 0x40, 0x1,
    0xff, 0xff, 0xff, 0xfc, 0xdf, 0xff, 0xff, 0xfe,
    0x0, 0x1a, 0xcf, 0xff, 0xa0, 0x0, 0x4f, 0xff,
    0xff, 0xf6, 0x0, 0x0, 0x1, 0x30, 0x0, 0x0,
    0x8f, 0xff, 0xff, 0xa0, 0x0, 0x0, 0x0, 0x0,
    0x0, 0x4, 0xff, 0xff, 0xfc, 0x0, 0x0, 0x0,
    0x0, 0x0, 0x0, 0x3f, 0xff, 0xff, 0xc0, 0x2,
    0x46, 0x89, 0x10, 0x0, 0x4, 0xff, 0xff, 0xfa,
    0xd, 0xff, 0xff, 0xf5, 0x0, 0x0, 0x8f, 0xff,
    0xff, 0x60, 0x7f, 0xff, 0xff, 0xe2, 0x0, 0x3f,
    0xff, 0xff, 0xf1, 0x0, 0xef, 0xff, 0xff, 0xfb,
    0xcf, 0xff, 0xff, 0xf6, 0x0, 0x3, 0xef, 0xff,
    0xff, 0xff, 0xff, 0xff, 0xfa, 0x0, 0x0, 0x2,
    0xcf, 0xff, 0xff, 0xff, 0xff, 0xf8, 0x0, 0x0,
    0x0, 0x0, 0x49, 0xce, 0xff, 0xec, 0x82, 0x0,
    0x0,

    /* U+0036 "6" */
    0x0, 0x0, 0x3, 0x9d, 0xef, 0xfe, 0xb6, 0x0,
    0x0, 0x0, 0x1, 0xbf, 0xff, 0xff, 0xff, 0xff,
    0xe3, 0x0, 0x0, 0x2e, 0xff, 0xff, 0xff, 0xff,
    0xff, 0xff, 0x20, 0x0, 0xdf, 0xff, 0xff, 0xeb,
    0xef, 0xff, 0xff, 0xc0, 0x7, 0xff, 0xff, 0xfa,
    0x0, 0x1e, 0xff, 0xff, 0xf4, 0xd, 0xff, 0xff,
    0xf0, 0x0, 0x7, 0xb9, 0x75, 0x30, 0x3f, 0xff,
    0xff, 0xb0, 0x0, 0x0, 0x0, 0x0, 0x0, 0x6f,
    0xff, 0xff, 0x80, 0x27, 0xaa, 0x84, 0x0, 0x0,
    0x9f, 0xff, 0xff, 0x68, 0xff, 0xff, 0xff, 0xc2,
    0x0, 0xaf, 0xff, 0xff, 0xef, 0xff, 0xff, 0xff,
    0xfe, 0x20, 0xbf, 0xff, 0xff, 0xff, 0xff, 0xff,
    0xff, 0xff, 0xd0, 0xbf, 0xff, 0xff, 0xfc, 0x30,
    0x4e, 0xff, 0xff, 0xf5, 0xaf, 0xff, 0xff, 0xf1,
    0x0, 0x3, 0xff, 0xff, 0xfa, 0x9f, 0xff, 0xff,
    0xa0, 0x0, 0x0, 0xdf, 0xff, 0xfd, 0x7f, 0xff,
    0xff, 0x80, 0x0, 0x0, 0xbf, 0xff, 0xfe, 0x3f,
    0xff, 0xff, 0xa0, 0x0, 0x0, 0xcf, 0xff, 0xfd,
    0xe, 0xff, 0xff, 0xe0, 0x0, 0x1, 0xff, 0xff,
    0xfb, 0x8, 0xff, 0xff, 0xfa, 0x0, 0xb, 0xff,
    0xff, 0xf5, 0x0, 0xef, 0xff, 0xff, 0xfc, 0xff,
    0xff, 0xff, 0xd0, 0x0, 0x3f, 0xff, 0xff, 0xff,
    0xff, 0xff, 0xff, 0x20, 0x0, 0x3, 0xdf, 0xff,
    0xff, 0xff, 0xff, 0xd3, 0x0, 0x0, 0x0, 0x5,
    0xad, 0xff, 0xed, 0xa5, 0x0, 0x0,

    /* U+0037 "7" */
    0xaf, 0xff, 0xff, 0xff, 0xff, 0xff, 0xff, 0xff,
    0xfc, 0xaf, 0xff, 0xff, 0xff, 0xff, 0xff, 0xff,
    0xff, 0xfc, 0xaf, 0xff, 0xff, 0xff, 0xff, 0xff,
    0xff, 0xff, 0xfc, 0xaf, 0xff, 0xff, 0xff, 0xff,
    0xff, 0xff, 0xff, 0xfc, 0xaf, 0xff, 0xff, 0xff,
    0xff, 0xff, 0xff, 0xff, 0xf5, 0x1, 0x11, 0x11,
    0x11, 0x11, 0x7f, 0xff, 0xff, 0x60, 0x0, 0x0,
    0x0, 0x0, 0x2, 0xff, 0xff, 0xf7, 0x0, 0x0,
    0x0, 0x0, 0x0, 0xd, 0xff, 0xff, 0xc0, 0x0,
    0x0, 0x0, 0x0, 0x0, 0x7f, 0xff, 0xff, 0x10,
    0x0, 0x0, 0x0, 0x0, 0x2, 0xff, 0xff, 0xf7,
    0x0, 0x0, 0x0, 0x0, 0x0, 0xa, 0xff, 0xff,
    0xe0, 0x0, 0x0, 0x0, 0x0, 0x0, 0x3f, 0xff,
    0xff, 0x70, 0x0, 0x0, 0x0, 0x0, 0x0, 0xaf,
    0xff, 0xff, 0x10, 0x0, 0x0, 0x0, 0x0, 0x1,
    0xff, 0xff, 0xfa, 0x0, 0x0, 0x0, 0x0, 0x0,
    0x6, 0xff, 0xff, 0xf5, 0x0, 0x0, 0x0, 0x0,
    0x0, 0xb, 0xff, 0xff, 0xf0, 0x0, 0x0, 0x0,
    0x0, 0x0, 0xf, 0xff, 0xff, 0xb0, 0x0, 0x0,
    0x0, 0x0, 0x0, 0x3f, 0xff, 0xff, 0x80, 0x0,
    0x0, 0x0, 0x0, 0x0, 0x7f, 0xff, 0xff, 0x50,
    0x0, 0x0, 0x0, 0x0, 0x0, 0xaf, 0xff, 0xff,
    0x20, 0x0, 0x0, 0x0, 0x0, 0x0, 0xdf, 0xff,
    0xff, 0x0, 0x0, 0x0, 0x0, 0x0, 0x0, 0xff,
    0xff, 0xff, 0x0, 0x0, 0x0, 0x0,

    /* U+0038 "8" */
    0x0, 0x0, 0x39, 0xcf, 0xff, 0xeb, 0x83, 0x0,
    0x0, 0x0, 0x1b, 0xff, 0xff, 0xff, 0xff, 0xff,
    0xa1, 0x0, 0x0, 0xdf, 0xff, 0xff, 0xff, 0xff,
    0xff, 0xfd, 0x0, 0x9, 0xff, 0xff, 0xff, 0xbc,
    0xff, 0xff, 0xff, 0x80, 0xf, 0xff, 0xff, 0xf2,
    0x0, 0x3f, 0xff, 0xff, 0xe0, 0x1f, 0xff, 0xff,
    0x90, 0x0, 0xb, 0xff, 0xff, 0xf0, 0xf, 0xff,
    0xff, 0x90, 0x0, 0xa, 0xff, 0xff, 0xf0, 0xb,
    0xff, 0xff, 0xe1, 0x0, 0x2f, 0xff, 0xff, 0xb0,
    0x3, 0xff, 0xff, 0xfe, 0x99, 0xef, 0xff, 0xff,
    0x20, 0x0, 0x4e, 0xff, 0xff, 0xff, 0xff, 0xff,
    0xf4, 0x0, 0x0, 0x1b, 0xff, 0xff, 0xff, 0xff,
    0xff, 0xb1, 0x0, 0x3, 0xff, 0xff, 0xff, 0xff,
    0xff, 0xff, 0xfe, 0x20, 0x1f, 0xff, 0xff, 0xf8,
    0x11, 0x9f, 0xff, 0xff, 0xe0, 0x7f, 0xff, 0xff,
    0x90, 0x0, 0xb, 0xff, 0xff, 0xf6, 0xaf, 0xff,
    0xff, 0x40, 0x0, 0x5, 0xff, 0xff, 0xfa, 0xbf,
    0xff, 0xff, 0x30, 0x0, 0x4, 0xff, 0xff, 0xfb,
    0x9f, 0xff, 0xff, 0x70, 0x0, 0x8, 0xff, 0xff,
    0xfa, 0x6f, 0xff, 0xff, 0xf3, 0x0, 0x4f, 0xff,
    0xff, 0xf6, 0xe, 0xff, 0xff, 0xff, 0xcc, 0xff,
    0xff, 0xff, 0xe0, 0x4, 0xff, 0xff, 0xff, 0xff,
    0xff, 0xff, 0xff, 0x40, 0x0, 0x4e, 0xff, 0xff,
    0xff, 0xff, 0xff, 0xe4, 0x0, 0x0, 0x0, 0x6a,
    0xdf, 0xff, 0xed, 0xa5, 0x0, 0x0,

    /* U+0039 "9" */
    0x0, 0x0, 0x5a, 0xde, 0xff, 0xda, 0x50, 0x0,
    0x0, 0x0, 0x2d, 0xff, 0xff, 0xff, 0xff, 0xfd,
    0x30, 0x0, 0x2, 0xff, 0xff, 0xff, 0xff, 0xff,
    0xff, 0xf3, 0x0, 0xd, 0xff, 0xff, 0xfe, 0xcf,
    0xff, 0xff, 0xfe, 0x0, 0x5f, 0xff, 0xff, 0xa0,
    0x0, 0xaf, 0xff, 0xff, 0x80, 0xaf, 0xff, 0xff,
    0x10, 0x0, 0xe, 0xff, 0xff, 0xe0, 0xdf, 0xff,
    0xfc, 0x0, 0x0, 0xa, 0xff, 0xff, 0xf3, 0xef,
    0xff, 0xfb, 0x0, 0x0, 0x8, 0xff, 0xff, 0xf7,
    0xdf, 0xff, 0xfd, 0x0, 0x0, 0xa, 0xff, 0xff,
    0xf9, 0xbf, 0xff, 0xff, 0x30, 0x0, 0x1f, 0xff,
    0xff, 0xfa, 0x5f, 0xff, 0xff, 0xe4, 0x3, 0xcf,
    0xff, 0xff, 0xfb, 0xd, 0xff, 0xff, 0xff, 0xff,
    0xff, 0xff, 0xff, 0xfb, 0x2, 0xef, 0xff, 0xff,
    0xff, 0xfe, 0xff, 0xff, 0xfa, 0x0, 0x2c, 0xff,
    0xff, 0xff, 0x96, 0xff, 0xff, 0xf9, 0x0, 0x0,
    0x49, 0xaa, 0x82, 0x8, 0xff, 0xff, 0xf6, 0x0,
    0x0, 0x0, 0x0, 0x0, 0xb, 0xff, 0xff, 0xf3,
    0x3, 0x57, 0x9b, 0x60, 0x0, 0xf, 0xff, 0xff,
    0xd0, 0x4f, 0xff, 0xff, 0xe1, 0x0, 0xaf, 0xff,
    0xff, 0x70, 0xc, 0xff, 0xff, 0xfe, 0xbe, 0xff,
    0xff, 0xfd, 0x0, 0x2, 0xff, 0xff, 0xff, 0xff,
    0xff, 0xff, 0xe2, 0x0, 0x0, 0x3e, 0xff, 0xff,
    0xff, 0xff, 0xfb, 0x10, 0x0, 0x0, 0x0, 0x6b,
    0xef, 0xfe, 0xd9, 0x30, 0x0, 0x0,

    /* U+003A ":" */
    0x3f, 0xff, 0xff, 0xf3, 0x3f, 0xff, 0xff, 0xf3,
    0x3f, 0xff, 0xff, 0xf3, 0x3f, 0xff, 0xff, 0xf3,
    0x3f, 0xff, 0xff, 0xf3, 0x3f, 0xff, 0xff, 0xf3,
    0x0, 0x0, 0x0, 0x0, 0x0, 0x0, 0x0, 0x0,
    0x0, 0x0, 0x0, 0x0, 0x0, 0x0, 0x0, 0x0,
    0x3f, 0xff, 0xff, 0xf3, 0x3f, 0xff, 0xff, 0xf3,
    0x3f, 0xff, 0xff, 0xf3, 0x3f, 0xff, 0xff, 0xf3,
    0x3f, 0xff, 0xff, 0xf3, 0x3f, 0xff, 0xff, 0xf3,

    /* U+003B ";" */
    0x3f, 0xff, 0xff, 0xf3, 0x3f, 0xff, 0xff, 0xf3,
    0x3f, 0xff, 0xff, 0xf3, 0x3f, 0xff, 0xff, 0xf3,
    0x3f, 0xff, 0xff, 0xf3, 0x3f, 0xff, 0xff, 0xf3,
    0x0, 0x0, 0x0, 0x0, 0x0, 0x0, 0x0, 0x0,
    0x0, 0x0, 0x0, 0x0, 0x0, 0x0, 0x0, 0x0,
    0x2f, 0xff, 0xff, 0xf2, 0x3f, 0xff, 0xff, 0xf3,
    0x3f, 0xff, 0xff, 0xf3, 0x3f, 0xff, 0xff, 0xf3,
    0x3f, 0xff, 0xff, 0xf2, 0x3f, 0xff, 0xff, 0xf2,
    0x0, 0x3, 0xff, 0xf1, 0x0, 0xa, 0xff, 0xd0,
    0x0, 0x8f, 0xff, 0x70, 0xd, 0xff, 0xfd, 0x0,
    0xa, 0xff, 0xc1, 0x0, 0x2, 0xe6, 0x0, 0x0,
    0x0, 0x0, 0x0, 0x0,

    /* U+003C "<" */
    0x0, 0x0, 0x0, 0x0, 0x0, 0x0, 0x0, 0x3,
    0xa3, 0x0, 0x0, 0x0, 0x0, 0x0, 0x0, 0x6,
    0xcf, 0xf3, 0x0, 0x0, 0x0, 0x0, 0x0, 0x28,
    0xef, 0xff, 0xf3, 0x0, 0x0, 0x0, 0x0, 0x4b,
    0xff, 0xff, 0xff, 0xf3, 0x0, 0x0, 0x1, 0x7d,
    0xff, 0xff, 0xff, 0xff, 0xf3, 0x0, 0x3, 0xaf,
    0xff, 0xff, 0xff, 0xff, 0xfe, 0x91, 0x5, 0xcf,
    0xff, 0xff, 0xff, 0xff, 0xfb, 0x50, 0x0, 0x6f,
    0xff, 0xff, 0xff, 0xff, 0xe8, 0x20, 0x0, 0x0,
    0x7f, 0xff, 0xff, 0xff, 0xa4, 0x0, 0x0, 0x0,
    0x0, 0x7f, 0xff, 0xff, 0xfb, 0x30, 0x0, 0x0,
    0x0, 0x0, 0x7f, 0xff, 0xff, 0xff, 0xfd, 0x71,
    0x0, 0x0, 0x0, 0x3c, 0xff, 0xff, 0xff, 0xff,
    0xff, 0xa4, 0x0, 0x0, 0x0, 0x39, 0xff, 0xff,
    0xff, 0xff, 0xff, 0xe8, 0x20, 0x0, 0x0, 0x17,
    0xdf, 0xff, 0xff, 0xff, 0xff, 0xf3, 0x0, 0x0,
    0x0, 0x4, 0xbf, 0xff, 0xff, 0xff, 0xf3, 0x0,
    0x0, 0x0, 0x0, 0x2, 0x8e, 0xff, 0xff, 0xf3,
    0x0, 0x0, 0x0, 0x0, 0x0, 0x0, 0x5c, 0xff,
    0xf3, 0x0, 0x0, 0x0, 0x0, 0x0, 0x0, 0x0,
    0x3a, 0xf3, 0x0, 0x0, 0x0, 0x0, 0x0, 0x0,
    0x0, 0x0, 0x11,

    /* U+003D "=" */
    0x2f, 0xff, 0xff, 0xff, 0xff, 0xff, 0xff, 0xff,
    0xd2, 0xff, 0xff, 0xff, 0xff, 0xff, 0xff, 0xff,
    0xfd, 0x2f, 0xff, 0xff, 0xff, 0xff, 0xff, 0xff,
    0xff, 0xd2, 0xff, 0xff, 0xff, 0xff, 0xff, 0xff,
    0xff, 0xfd, 0x1c, 0xcc, 0xcc, 0xcc, 0xcc, 0xcc,
    0xcc, 0xcc, 0xa0, 0x0, 0x0, 0x0, 0x0, 0x0,
    0x0, 0x0, 0x0, 0x0, 0x0, 0x0, 0x0, 0x0,
    0x0, 0x0, 0x0, 0x1, 0xcc, 0xcc, 0xcc, 0xcc,
    0xcc, 0xcc, 0xcc, 0xca, 0x2f, 0xff, 0xff, 0xff,
    0xff, 0xff, 0xff, 0xff, 0xd2, 0xff, 0xff, 0xff,
    0xff, 0xff, 0xff, 0xff, 0xfd, 0x2f, 0xff, 0xff,
    0xff, 0xff, 0xff, 0xff, 0xff, 0xd2, 0xff, 0xff,
    0xff, 0xff, 0xff, 0xff, 0xff, 0xfd,

    /* U+003E ">" */
    0x58, 0x20, 0x0, 0x0, 0x0, 0x0, 0x0, 0x0,
    0x0, 0x6f, 0xfb, 0x40, 0x0, 0x0, 0x0, 0x0,
    0x0, 0x0, 0x6f, 0xff, 0xfd, 0x71, 0x0, 0x0,
    0x0, 0x0, 0x0, 0x6f, 0xff, 0xff, 0xff, 0xa3,
    0x0, 0x0, 0x0, 0x0, 0x6f, 0xff, 0xff, 0xff,
    0xff, 0xc6, 0x0, 0x0, 0x0, 0x2a, 0xff, 0xff,
    0xff, 0xff, 0xff, 0xe8, 0x20, 0x0, 0x0, 0x16,
    0xdf, 0xff, 0xff, 0xff, 0xff, 0xfb, 0x40, 0x0,
    0x0, 0x3, 0x9f, 0xff, 0xff, 0xff, 0xff, 0xf3,
    0x0, 0x0, 0x0, 0x0, 0x5c, 0xff, 0xff, 0xff,
    0xf3, 0x0, 0x0, 0x0, 0x0, 0x5, 0xcf, 0xff,
    0xff, 0xf3, 0x0, 0x0, 0x0, 0x28, 0xef, 0xff,
    0xff, 0xff, 0xf3, 0x0, 0x0, 0x6c, 0xff, 0xff,
    0xff, 0xff, 0xff, 0xa1, 0x3, 0x9f, 0xff, 0xff,
    0xff, 0xff, 0xfe, 0x81, 0x0, 0x6f, 0xff, 0xff,
    0xff, 0xff, 0xfc, 0x50, 0x0, 0x0, 0x6f, 0xff,
    0xff, 0xff, 0xf9, 0x30, 0x0, 0x0, 0x0, 0x6f,
    0xff, 0xff, 0xd7, 0x10, 0x0, 0x0, 0x0, 0x0,
    0x6f, 0xff, 0xb4, 0x0, 0x0, 0x0, 0x0, 0x0,
    0x0, 0x6e, 0x82, 0x0, 0x0, 0x0, 0x0, 0x0,
    0x0, 0x0, 0x10, 0x0, 0x0, 0x0, 0x0, 0x0,
    0x0, 0x0, 0x0,

    /* U+003F "?" */
    0x0, 0x0, 0x5a, 0xdf, 0xff, 0xc9, 0x30, 0x0,
    0x0, 0x3, 0xdf, 0xff, 0xff, 0xff, 0xff, 0xa0,
    0x0, 0x3, 0xff, 0xff, 0xff, 0xff, 0xff, 0xff,
    0xd0, 0x0, 0xdf, 0xff, 0xff, 0xff, 0xff, 0xff,
    0xff, 0x90, 0x5f, 0xff, 0xff, 0xfc, 0xad, 0xff,
    0xff, 0xff, 0xa, 0xff, 0xff, 0xf8, 0x0, 0xe,
    0xff, 0xff, 0xf2, 0xdf, 0xff, 0xff, 0x0, 0x0,
    0xcf, 0xff, 0xff, 0x30, 0x24, 0x79, 0x80, 0x0,
    0x5f, 0xff, 0xff, 0xf0, 0x0, 0x0, 0x0, 0x0,
    0x6f, 0xff, 0xff, 0xf9, 0x0, 0x0, 0x0, 0x0,
    0x8f, 0xff, 0xff, 0xfd, 0x0, 0x0, 0x0, 0x0,
    0x9f, 0xff, 0xff, 0xfc, 0x10, 0x0, 0x0, 0x0,
    0x5f, 0xff, 0xff, 0xfa, 0x0, 0x0, 0x0, 0x0,
    0xc, 0xff, 0xff, 0xf9, 0x0, 0x0, 0x0, 0x0,
    0x0, 0xff, 0xff, 0xfd, 0x0, 0x0, 0x0, 0x0,
    0x0, 0xf, 0xff, 0xff, 0x90, 0x0, 0x0, 0x0,
    0x0, 0x0, 0x33, 0x33, 0x31, 0x0, 0x0, 0x0,
    0x0, 0x0, 0x14, 0x44, 0x44, 0x30, 0x0, 0x0,
    0x0, 0x0, 0x4, 0xff, 0xff, 0xfb, 0x0, 0x0,
    0x0, 0x0, 0x0, 0x4f, 0xff, 0xff, 0xb0, 0x0,
    0x0, 0x0, 0x0, 0x4, 0xff, 0xff, 0xfb, 0x0,
    0x0, 0x0, 0x0, 0x0, 0x4f, 0xff, 0xff, 0xb0,
    0x0, 0x0, 0x0, 0x0, 0x4, 0xff, 0xff, 0xfb,
    0x0, 0x0, 0x0,

    /* U+0040 "@" */
    0x0, 0x0, 0x0, 0x0, 0x49, 0xce, 0xff, 0xdb,
    0x61, 0x0, 0x0, 0x0, 0x0, 0x0, 0x0, 0x4d,
    0xff, 0xff, 0xff, 0xff, 0xff, 0x80, 0x0, 0x0,
    0x0, 0x0, 0x8, 0xff, 0xfc, 0x74, 0x34, 0x59,
    0xef, 0xfc, 0x10, 0x0, 0x0, 0x0, 0x9f, 0xfb,
    0x30, 0x0, 0x0, 0x0, 0x6, 0xff, 0xc0, 0x0,
    0x0, 0x7, 0xff, 0x80, 0x0, 0x35, 0x20, 0x0,
    0x0, 0x3f, 0xf9, 0x0, 0x0, 0x2f, 0xf8, 0x0,
    0x4e, 0xff, 0xf9, 0xd, 0xdb, 0x5, 0xff, 0x20,
    0x0, 0xaf, 0xd0, 0x5, 0xff, 0xff, 0xff, 0xbf,
    0xfb, 0x0, 0xcf, 0x90, 0x1, 0xff, 0x40, 0x1f,
    0xff, 0x81, 0x2d, 0xff, 0xf8, 0x0, 0x6f, 0xd0,
    0x7, 0xfd, 0x0, 0xaf, 0xf9, 0x0, 0x4, 0xff,
    0xf6, 0x0, 0x2f, 0xf1, 0xb, 0xf9, 0x1, 0xff,
    0xf1, 0x0, 0x1, 0xff, 0xf3, 0x0, 0xf, 0xf2,
    0xe, 0xf5, 0x6, 0xff, 0xc0, 0x0, 0x1, 0xff,
    0xf1, 0x0, 0xf, 0xf3, 0xf, 0xf3, 0xa, 0xff,
    0x80, 0x0, 0x2, 0xff, 0xe0, 0x0, 0xf, 0xf3,
    0x1f, 0xf2, 0xc, 0xff, 0x50, 0x0, 0x5, 0xff,
    0xc0, 0x0, 0x2f, 0xf1, 0xf, 0xf3, 0xd, 0xff,
    0x30, 0x0, 0x8, 0xff, 0x90, 0x0, 0x7f, 0xd0,
    0xf, 0xf4, 0xd, 0xff, 0x30, 0x0, 0xb, 0xff,
    0x70, 0x0, 0xcf, 0x80, 0xd, 0xf6, 0xc, 0xff,
    0x40, 0x0, 0x1f, 0xff, 0x40, 0x6, 0xff, 0x20,
    0x9, 0xfa, 0x8, 0xff, 0x80, 0x0, 0x7f, 0xff,
    0x10, 0x4f, 0xf8, 0x0, 0x4, 0xff, 0x12, 0xff,
    0xf4, 0x6, 0xff, 0xff, 0x7a, 0xff, 0xb0, 0x0,
    0x0, 0xdf, 0x80, 0x7f, 0xff, 0xff, 0xfc, 0xff,
    0xff, 0xf9, 0x0, 0x0, 0x0, 0x6f, 0xf3, 0x6,
    0xef, 0xfb, 0x21, 0xdf, 0xfb, 0x40, 0x0, 0x0,
    0x0, 0xb, 0xfe, 0x20, 0x1, 0x0, 0x0, 0x1,
    0x0, 0x3, 0xab, 0x90, 0x0, 0x1, 0xdf, 0xf6,
    0x0, 0x0, 0x0, 0x0, 0x1, 0x8f, 0xfe, 0x30,
    0x0, 0x0, 0x1d, 0xff, 0xd7, 0x31, 0x1, 0x26,
    0xaf, 0xff, 0xc2, 0x0, 0x0, 0x0, 0x0, 0x8f,
    0xff, 0xff, 0xff, 0xff, 0xff, 0xe6, 0x0, 0x0,
    0x0, 0x0, 0x0, 0x1, 0x7c, 0xff, 0xff, 0xfe,
    0xa5, 0x0, 0x0, 0x0, 0x0, 0x0, 0x0, 0x0,
    0x0, 0x1, 0x22, 0x0, 0x0, 0x0, 0x0, 0x0,

    /* U+0041 "A" */
    0x0, 0x0, 0x0, 0x1, 0xff, 0xff, 0xff, 0xf8,
    0x0, 0x0, 0x0, 0x0, 0x0, 0x0, 0x0, 0x7,
    0xff, 0xff, 0xff, 0xfe, 0x0, 0x0, 0x0, 0x0,
    0x0, 0x0, 0x0, 0xd, 0xff, 0xff, 0xff, 0xff,
    0x40, 0x0, 0x0, 0x0, 0x0, 0x0, 0x0, 0x3f,
    0xff, 0xff, 0xff, 0xff, 0xa0, 0x0, 0x0, 0x0,
    0x0, 0x0, 0x0, 0x8f, 0xff, 0xff, 0xff, 0xff,
    0xf0, 0x0, 0x0, 0x0, 0x0, 0x0, 0x0, 0xef,
    0xff, 0xff, 0xff, 0xff, 0xf5, 0x0, 0x0, 0x0,
    0x0, 0x0, 0x4, 0xff, 0xff, 0xfa, 0xff, 0xff,
    0xfb, 0x0, 0x0, 0x0, 0x0, 0x0, 0xa, 0xff,
    0xff, 0xf2, 0xef, 0xff, 0xff, 0x10, 0x0, 0x0,
    0x0, 0x0, 0xf, 0xff, 0xff, 0xd0, 0x9f, 0xff,
    0xff, 0x70, 0x0, 0x0, 0x0, 0x0, 0x6f, 0xff,
    0xff, 0x90, 0x4f, 0xff, 0xff, 0xd0, 0x0, 0x0,
    0x0, 0x0, 0xcf, 0xff, 0xff, 0x40, 0xf, 0xff,
    0xff, 0xf3, 0x0, 0x0, 0x0, 0x2, 0xff, 0xff,
    0xff, 0x0, 0xb, 0xff, 0xff, 0xf8, 0x0, 0x0,
    0x0, 0x7, 0xff, 0xff, 0xfb, 0x0, 0x6, 0xff,
    0xff, 0xfe, 0x0, 0x0, 0x0, 0xd, 0xff, 0xff,
    0xf6, 0x0, 0x2, 0xff, 0xff, 0xff, 0x40, 0x0,
    0x0, 0x3f, 0xff, 0xff, 0xff, 0xff, 0xff, 0xff,
    0xff, 0xff, 0xa0, 0x0, 0x0, 0x9f, 0xff, 0xff,
    0xff, 0xff, 0xff, 0xff, 0xff, 0xff, 0xf0, 0x0,
    0x0, 0xef, 0xff, 0xff, 0xff, 0xff, 0xff, 0xff,
    0xff, 0xff, 0xf6, 0x0, 0x5, 0xff, 0xff, 0xff,
    0xff, 0xff, 0xff, 0xff, 0xff, 0xff, 0xfc, 0x0,
    0xb, 0xff, 0xff, 0xfe, 0xaa, 0xaa, 0xaa, 0xad,
    0xff, 0xff, 0xff, 0x20, 0x1f, 0xff, 0xff, 0xf9,
    0x0, 0x0, 0x0, 0x5, 0xff, 0xff, 0xff, 0x70,
    0x6f, 0xff, 0xff, 0xf4, 0x0, 0x0, 0x0, 0x0,
    0xff, 0xff, 0xff, 0xd0, 0xcf, 0xff, 0xff, 0xf0,
    0x0, 0x0, 0x0, 0x0, 0xbf, 0xff, 0xff, 0xf3,

    /* U+0042 "B" */
    0xcf, 0xff, 0xff, 0xff, 0xff, 0xff, 0xff, 0xc8,
    0x10, 0x0, 0xc, 0xff, 0xff, 0xff, 0xff, 0xff,
    0xff, 0xff, 0xfe, 0x40, 0x0, 0xcf, 0xff, 0xff,
    0xff, 0xff, 0xff, 0xff, 0xff, 0xff, 0x20, 0xc,
    0xff, 0xff, 0xff, 0xff, 0xff, 0xff, 0xff, 0xff,
    0xfa, 0x0, 0xcf, 0xff, 0xff, 0xf6, 0x66, 0x7b,
    0xff, 0xff, 0xff, 0xe0, 0xc, 0xff, 0xff, 0xfe,
    0x0, 0x0, 0xb, 0xff, 0xff, 0xff, 0x0, 0xcf,
    0xff, 0xff, 0xe0, 0x0, 0x0, 0x7f, 0xff, 0xff,
    0xf0, 0xc, 0xff, 0xff, 0xfe, 0x0, 0x0, 0x9,
    0xff, 0xff, 0xfb, 0x0, 0xcf, 0xff, 0xff, 0xe1,
    0x11, 0x27, 0xff, 0xff, 0xff, 0x30, 0xc, 0xff,
    0xff, 0xff, 0xff, 0xff, 0xff, 0xff, 0xff, 0x50,
    0x0, 0xcf, 0xff, 0xff, 0xff, 0xff, 0xff, 0xff,
    0xfe, 0x40, 0x0, 0xc, 0xff, 0xff, 0xff, 0xff,
    0xff, 0xff, 0xff, 0xff, 0xb1, 0x0, 0xcf, 0xff,
    0xff, 0xff, 0xff, 0xff, 0xff, 0xff, 0xff, 0xe1,
    0xc, 0xff, 0xff, 0xfe, 0x0, 0x0, 0x17, 0xff,
    0xff, 0xff, 0x90, 0xcf, 0xff, 0xff, 0xe0, 0x0,
    0x0, 0xb, 0xff, 0xff, 0xfe, 0xc, 0xff, 0xff,
    0xfe, 0x0, 0x0, 0x0, 0xaf, 0xff, 0xff, 0xf0,
    0xcf, 0xff, 0xff, 0xe0, 0x0, 0x0, 0x3f, 0xff,
    0xff, 0xff, 0xc, 0xff, 0xff, 0xff, 0xaa, 0xaa,
    0xcf, 0xff, 0xff, 0xff, 0xd0, 0xcf, 0xff, 0xff,
    0xff, 0xff, 0xff, 0xff, 0xff, 0xff, 0xf7, 0xc,
    0xff, 0xff, 0xff, 0xff, 0xff, 0xff, 0xff, 0xff,
    0xfc, 0x0, 0xcf, 0xff, 0xff, 0xff, 0xff, 0xff,
    0xff, 0xff, 0xfb, 0x10, 0xc, 0xff, 0xff, 0xff,
    0xff, 0xff, 0xff, 0xdb, 0x84, 0x0, 0x0,

    /* U+0043 "C" */
    0x0, 0x0, 0x0, 0x37, 0xbd, 0xff, 0xed, 0xa6,
    0x0, 0x0, 0x0, 0x0, 0x0, 0x2b, 0xff, 0xff,
    0xff, 0xff, 0xff, 0xe6, 0x0, 0x0, 0x0, 0x5,
    0xff, 0xff, 0xff, 0xff, 0xff, 0xff, 0xff, 0x90,
    0x0, 0x0, 0x4f, 0xff, 0xff, 0xff, 0xff, 0xff,
    0xff, 0xff, 0xf7, 0x0, 0x1, 0xef, 0xff, 0xff,
    0xff, 0xff, 0xff, 0xff, 0xff, 0xff, 0x20, 0x8,
    0xff, 0xff, 0xff, 0xf7, 0x10, 0x29, 0xff, 0xff,
    0xff, 0xa0, 0xe, 0xff, 0xff, 0xff, 0x30, 0x0,
    0x0, 0x7f, 0xff, 0xff, 0xc0, 0x2f, 0xff, 0xff,
    0xfa, 0x0, 0x0, 0x0, 0xc, 0xa7, 0x30, 0x0,
    0x6f, 0xff, 0xff, 0xf5, 0x0, 0x0, 0x0, 0x0,
    0x0, 0x0, 0x0, 0x7f, 0xff, 0xff, 0xf2, 0x0,
    0x0, 0x0, 0x0, 0x0, 0x0, 0x0, 0x8f, 0xff,
    0xff, 0xf1, 0x0, 0x0, 0x0, 0x0, 0x0, 0x0,
    0x0, 0x8f, 0xff, 0xff, 0xf1, 0x0, 0x0, 0x0,
    0x0, 0x0, 0x0, 0x0, 0x7f, 0xff, 0xff, 0xf2,
    0x0, 0x0, 0x0, 0x0, 0x0, 0x0, 0x0, 0x5f,
    0xff, 0xff, 0xf4, 0x0, 0x0, 0x0, 0xb, 0xd8,
    0x30, 0x0, 0x2f, 0xff, 0xff, 0xf8, 0x0, 0x0,
    0x0, 0x1f, 0xff, 0xfe, 0x91, 0xd, 0xff, 0xff,
    0xff, 0x10, 0x0, 0x0, 0xaf, 0xff, 0xff, 0xf0,
    0x7, 0xff, 0xff, 0xff, 0xe5, 0x10, 0x29, 0xff,
    0xff, 0xff, 0xa0, 0x0, 0xdf, 0xff, 0xff, 0xff,
    0xff, 0xff, 0xff, 0xff, 0xff, 0x20, 0x0, 0x3f,
    0xff, 0xff, 0xff, 0xff, 0xff, 0xff, 0xff, 0xf8,
    0x0, 0x0, 0x4, 0xff, 0xff, 0xff, 0xff, 0xff,
    0xff, 0xff, 0xa0, 0x0, 0x0, 0x0, 0x2c, 0xff,
    0xff, 0xff, 0xff, 0xff, 0xf7, 0x0, 0x0, 0x0,
    0x0, 0x0, 0x38, 0xce, 0xff, 0xfe, 0xb7, 0x10,
    0x0, 0x0,

    /* U+0044 "D" */
    0xbf, 0xff, 0xff, 0xff, 0xff, 0xff, 0xda, 0x40,
    0x0, 0x0, 0xb, 0xff, 0xff, 0xff, 0xff, 0xff,
    0xff, 0xff, 0xc3, 0x0, 0x0, 0xbf, 0xff, 0xff,
    0xff, 0xff, 0xff, 0xff, 0xff, 0xf3, 0x0, 0xb,
    0xff, 0xff, 0xff, 0xff, 0xff, 0xff, 0xff, 0xff,
    0xf1, 0x0, 0xbf, 0xff, 0xff, 0xfe, 0xef, 0xff,
    0xff, 0xff, 0xff, 0xa0, 0xb, 0xff, 0xff, 0xfe,
    0x0, 0x2, 0x9f, 0xff, 0xff, 0xff, 0x10, 0xbf,
    0xff, 0xff, 0xe0, 0x0, 0x0, 0x9f, 0xff, 0xff,
    0xf7, 0xb, 0xff, 0xff, 0xfe, 0x0, 0x0, 0x1,
    0xff, 0xff, 0xff, 0xa0, 0xbf, 0xff, 0xff, 0xe0,
    0x0, 0x0, 0xd, 0xff, 0xff, 0xfd, 0xb, 0xff,
    0xff, 0xfe, 0x0, 0x0, 0x0, 0xbf, 0xff, 0xff,
    0xf0, 0xbf, 0xff, 0xff, 0xe0, 0x0, 0x0, 0xa,
    0xff, 0xff, 0xff, 0xb, 0xff, 0xff, 0xfe, 0x0,
    0x0, 0x0, 0xaf, 0xff, 0xff, 0xf0, 0xbf, 0xff,
    0xff, 0xe0, 0x0, 0x0, 0xa, 0xff, 0xff, 0xff,
    0xb, 0xff, 0xff, 0xfe, 0x0, 0x0, 0x0, 0xcf,
    0xff, 0xff, 0xe0, 0xbf, 0xff, 0xff, 0xe0, 0x0,
    0x0, 0xf, 0xff, 0xff, 0xfc, 0xb, 0xff, 0xff,
    0xfe, 0x0, 0x0, 0x7, 0xff, 0xff, 0xff, 0x80,
    0xbf, 0xff, 0xff, 0xe0, 0x0, 0x16, 0xff, 0xff,
    0xff, 0xf3, 0xb, 0xff, 0xff, 0xff, 0xee, 0xff,
    0xff, 0xff, 0xff, 0xfb, 0x0, 0xbf, 0xff, 0xff,
    0xff, 0xff, 0xff, 0xff, 0xff, 0xfe, 0x20, 0xb,
    0xff, 0xff, 0xff, 0xff, 0xff, 0xff, 0xff, 0xff,
    0x30, 0x0, 0xbf, 0xff, 0xff, 0xff, 0xff, 0xff,
    0xff, 0xfc, 0x20, 0x0, 0xb, 0xff, 0xff, 0xff,
    0xff, 0xff, 0xeb, 0x83, 0x0, 0x0, 0x0,

    /* U+0045 "E" */
    0xdf, 0xff, 0xff, 0xff, 0xff, 0xff, 0xff, 0xff,
    0xff, 0xd, 0xff, 0xff, 0xff, 0xff, 0xff, 0xff,
    0xff, 0xff, 0xf0, 0xdf, 0xff, 0xff, 0xff, 0xff,
    0xff, 0xff, 0xff, 0xff, 0xd, 0xff, 0xff, 0xff,
    0xff, 0xff, 0xff, 0xff, 0xff, 0xf0, 0xdf, 0xff,
    0xff, 0xe9, 0x99, 0x99, 0x99, 0x99, 0x99, 0xd,
    0xff, 0xff, 0xfd, 0x0, 0x0, 0x0, 0x0, 0x0,
    0x0, 0xdf, 0xff, 0xff, 0xd0, 0x0, 0x0, 0x0,
    0x0, 0x0, 0xd, 0xff, 0xff, 0xfd, 0x0, 0x0,
    0x0, 0x0, 0x0, 0x0, 0xdf, 0xff, 0xff, 0xe6,
    0x66, 0x66, 0x66, 0x66, 0x61, 0xd, 0xff, 0xff,
    0xff, 0xff, 0xff, 0xff, 0xff, 0xff, 0x20, 0xdf,
    0xff, 0xff, 0xff, 0xff, 0xff, 0xff, 0xff, 0xf2,
    0xd, 0xff, 0xff, 0xff, 0xff, 0xff, 0xff, 0xff,
    0xff, 0x20, 0xdf, 0xff, 0xff, 0xff, 0xff, 0xff,
    0xff, 0xff, 0xf2, 0xd, 0xff, 0xff, 0xfd, 0x0,
    0x0, 0x0, 0x0, 0x0, 0x0, 0xdf, 0xff, 0xff,
    0xd0, 0x0, 0x0, 0x0, 0x0, 0x0, 0xd, 0xff,
    0xff, 0xfd, 0x0, 0x0, 0x0, 0x0, 0x0, 0x0,
    0xdf, 0xff, 0xff, 0xd0, 0x0, 0x0, 0x0, 0x0,
    0x0, 0xd, 0xff, 0xff, 0xff, 0xee, 0xee, 0xee,
    0xee, 0xee, 0xe4, 0xdf, 0xff, 0xff, 0xff, 0xff,
    0xff, 0xff, 0xff, 0xff, 0x4d, 0xff, 0xff, 0xff,
    0xff, 0xff, 0xff, 0xff, 0xff, 0xf4, 0xdf, 0xff,
    0xff, 0xff, 0xff, 0xff, 0xff, 0xff, 0xff, 0x4d,
    0xff, 0xff, 0xff, 0xff, 0xff, 0xff, 0xff, 0xff,
    0xf4,

    /* U+0046 "F" */
    0xcf, 0xff, 0xff, 0xff, 0xff, 0xff, 0xff, 0xff,
    0xac, 0xff, 0xff, 0xff, 0xff, 0xff, 0xff, 0xff,
    0xfa, 0xcf, 0xff, 0xff, 0xff, 0xff, 0xff, 0xff,
    0xff, 0xac, 0xff, 0xff, 0xff, 0xff, 0xff, 0xff,
    0xff, 0xfa, 0xcf, 0xff, 0xff, 0xfa, 0xaa, 0xaa,
    0xaa, 0xaa, 0x6c, 0xff, 0xff, 0xfe, 0x0, 0x0,
    0x0, 0x0, 0x0, 0xcf, 0xff, 0xff, 0xe0, 0x0,
    0x0, 0x0, 0x0, 0xc, 0xff, 0xff, 0xfe, 0x0,
    0x0, 0x0, 0x0, 0x0, 0xcf, 0xff, 0xff, 0xe5,
    0x55, 0x55, 0x55, 0x51, 0xc, 0xff, 0xff, 0xff,
    0xff, 0xff, 0xff, 0xff, 0x30, 0xcf, 0xff, 0xff,
    0xff, 0xff, 0xff, 0xff, 0xf3, 0xc, 0xff, 0xff,
    0xff, 0xff, 0xff, 0xff, 0xff, 0x30, 0xcf, 0xff,
    0xff, 0xff, 0xff, 0xff, 0xff, 0xf3, 0xc, 0xff,
    0xff, 0xfe, 0x0, 0x0, 0x0, 0x0, 0x0, 0xcf,
    0xff, 0xff, 0xe0, 0x0, 0x0, 0x0, 0x0, 0xc,
    0xff, 0xff, 0xfe, 0x0, 0x0, 0x0, 0x0, 0x0,
    0xcf, 0xff, 0xff, 0xe0, 0x0, 0x0, 0x0, 0x0,
    0xc, 0xff, 0xff, 0xfe, 0x0, 0x0, 0x0, 0x0,
    0x0, 0xcf, 0xff, 0xff, 0xe0, 0x0, 0x0, 0x0,
    0x0, 0xc, 0xff, 0xff, 0xfe, 0x0, 0x0, 0x0,
    0x0, 0x0, 0xcf, 0xff, 0xff, 0xe0, 0x0, 0x0,
    0x0, 0x0, 0xc, 0xff, 0xff, 0xfe, 0x0, 0x0,
    0x0, 0x0, 0x0,

    /* U+0047 "G" */
    0x0, 0x0, 0x0, 0x27, 0xbd, 0xff, 0xff, 0xec,
    0x83, 0x0, 0x0, 0x0, 0x0, 0x1, 0xaf, 0xff,
    0xff, 0xff, 0xff, 0xff, 0xfb, 0x10, 0x0, 0x0,
    0x3, 0xef, 0xff, 0xff, 0xff, 0xff, 0xff, 0xff,
    0xfd, 0x20, 0x0, 0x3, 0xff, 0xff, 0xff, 0xff,
    0xff, 0xff, 0xff, 0xff, 0xfc, 0x0, 0x0, 0xdf,
    0xff, 0xff, 0xff, 0xec, 0xdf, 0xff, 0xff, 0xff,
    0xf5, 0x0, 0x7f, 0xff, 0xff, 0xfe, 0x50, 0x0,
    0x1a, 0xff, 0xff, 0xff, 0xb0, 0xd, 0xff, 0xff,
    0xff, 0x20, 0x0, 0x0, 0xc, 0xfd, 0xa8, 0x52,
    0x2, 0xff, 0xff, 0xff, 0x90, 0x0, 0x0, 0x0,
    0x10, 0x0, 0x0, 0x0, 0x6f, 0xff, 0xff, 0xf4,
    0x0, 0x0, 0x0, 0x0, 0x0, 0x0, 0x0, 0x8,
    0xff, 0xff, 0xff, 0x10, 0x0, 0x7, 0x77, 0x77,
    0x77, 0x77, 0x71, 0x9f, 0xff, 0xff, 0xf0, 0x0,
    0x0, 0xff, 0xff, 0xff, 0xff, 0xff, 0x49, 0xff,
    0xff, 0xff, 0x0, 0x0, 0xf, 0xff, 0xff, 0xff,
    0xff, 0xf4, 0x8f, 0xff, 0xff, 0xf2, 0x0, 0x0,
    0xff, 0xff, 0xff, 0xff, 0xff, 0x46, 0xff, 0xff,
    0xff, 0x40, 0x0, 0xf, 0xff, 0xff, 0xff, 0xff,
    0xf4, 0x2f, 0xff, 0xff, 0xf9, 0x0, 0x0, 0x0,
    0x0, 0x9f, 0xff, 0xff, 0x40, 0xef, 0xff, 0xff,
    0xf2, 0x0, 0x0, 0x0, 0x9, 0xff, 0xff, 0xf4,
    0x7, 0xff, 0xff, 0xff, 0xe5, 0x0, 0x0, 0x29,
    0xff, 0xff, 0xff, 0x40, 0xe, 0xff, 0xff, 0xff,
    0xfe, 0xcc, 0xef, 0xff, 0xff, 0xff, 0xf4, 0x0,
    0x3f, 0xff, 0xff, 0xff, 0xff, 0xff, 0xff, 0xff,
    0xff, 0xfe, 0x20, 0x0, 0x4f, 0xff, 0xff, 0xff,
    0xff, 0xff, 0xff, 0xff, 0xf9, 0x10, 0x0, 0x0,
    0x2b, 0xff, 0xff, 0xff, 0xff, 0xff, 0xff, 0xa3,
    0x0, 0x0, 0x0, 0x0, 0x2, 0x7b, 0xdf, 0xff,
    0xec, 0x96, 0x10, 0x0, 0x0,

    /* U+0048 "H" */
    0xcf, 0xff, 0xff, 0xd0, 0x0, 0x0, 0x0, 0xef,
    0xff, 0xff, 0xcc, 0xff, 0xff, 0xfd, 0x0, 0x0,
    0x0, 0xe, 0xff, 0xff, 0xfc, 0xcf, 0xff, 0xff,
    0xd0, 0x0, 0x0, 0x0, 0xef, 0xff, 0xff, 0xcc,
    0xff, 0xff, 0xfd, 0x0, 0x0, 0x0, 0xe, 0xff,
    0xff, 0xfc, 0xcf, 0xff, 0xff, 0xd0, 0x0, 0x0,
    0x0, 0xef, 0xff, 0xff, 0xcc, 0xff, 0xff, 0xfd,
    0x0, 0x0, 0x0, 0xe, 0xff, 0xff, 0xfc, 0xcf,
    0xff, 0xff, 0xd0, 0x0, 0x0, 0x0, 0xef, 0xff,
    0xff, 0xcc, 0xff, 0xff, 0xfd, 0x0, 0x0, 0x0,
    0xe, 0xff, 0xff, 0xfc, 0xcf, 0xff, 0xff, 0xff,
    0xff, 0xff, 0xff, 0xff, 0xff, 0xff, 0xcc, 0xff,
    0xff, 0xff, 0xff, 0xff, 0xff, 0xff, 0xff, 0xff,
    0xfc, 0xcf, 0xff, 0xff, 0xff, 0xff, 0xff, 0xff,
    0xff, 0xff, 0xff, 0xcc, 0xff, 0xff, 0xff, 0xff,
    0xff, 0xff, 0xff, 0xff, 0xff, 0xfc, 0xcf, 0xff,
    0xff, 0xff, 0xff, 0xff, 0xff, 0xff, 0xff, 0xff,
    0xcc, 0xff, 0xff, 0xfe, 0x55, 0x55, 0x55, 0x5e,
    0xff, 0xff, 0xfc, 0xcf, 0xff, 0xff, 0xd0, 0x0,
    0x0, 0x0, 0xef, 0xff, 0xff, 0xcc, 0xff, 0xff,
    0xfd, 0x0, 0x0, 0x0, 0xe, 0xff, 0xff, 0xfc,
    0xcf, 0xff, 0xff, 0xd0, 0x0, 0x0, 0x0, 0xef,
    0xff, 0xff, 0xcc, 0xff, 0xff, 0xfd, 0x0, 0x0,
    0x0, 0xe, 0xff, 0xff, 0xfc, 0xcf, 0xff, 0xff,
    0xd0, 0x0, 0x0, 0x0, 0xef, 0xff, 0xff, 0xcc,
    0xff, 0xff, 0xfd, 0x0, 0x0, 0x0, 0xe, 0xff,
    0xff, 0xfc, 0xcf, 0xff, 0xff, 0xd0, 0x0, 0x0,
    0x0, 0xef, 0xff, 0xff, 0xcc, 0xff, 0xff, 0xfd,
    0x0, 0x0, 0x0, 0xe, 0xff, 0xff, 0xfc,

    /* U+0049 "I" */
    0x8f, 0xff, 0xff, 0xf1, 0x8f, 0xff, 0xff, 0xf1,
    0x8f, 0xff, 0xff, 0xf1, 0x8f, 0xff, 0xff, 0xf1,
    0x8f, 0xff, 0xff, 0xf1, 0x8f, 0xff, 0xff, 0xf1,
    0x8f, 0xff, 0xff, 0xf1, 0x8f, 0xff, 0xff, 0xf1,
    0x8f, 0xff, 0xff, 0xf1, 0x8f, 0xff, 0xff, 0xf1,
    0x8f, 0xff, 0xff, 0xf1, 0x8f, 0xff, 0xff, 0xf1,
    0x8f, 0xff, 0xff, 0xf1, 0x8f, 0xff, 0xff, 0xf1,
    0x8f, 0xff, 0xff, 0xf1, 0x8f, 0xff, 0xff, 0xf1,
    0x8f, 0xff, 0xff, 0xf1, 0x8f, 0xff, 0xff, 0xf1,
    0x8f, 0xff, 0xff, 0xf1, 0x8f, 0xff, 0xff, 0xf1,
    0x8f, 0xff, 0xff, 0xf1, 0x8f, 0xff, 0xff, 0xf1,

    /* U+004A "J" */
    0x0, 0x0, 0x0, 0x0, 0x0, 0xd, 0xff, 0xff,
    0xfc, 0x0, 0x0, 0x0, 0x0, 0x0, 0xd, 0xff,
    0xff, 0xfc, 0x0, 0x0, 0x0, 0x0, 0x0, 0xd,
    0xff, 0xff, 0xfc, 0x0, 0x0, 0x0, 0x0, 0x0,
    0xd, 0xff, 0xff, 0xfc, 0x0, 0x0, 0x0, 0x0,
    0x0, 0xd, 0xff, 0xff, 0xfc, 0x0, 0x0, 0x0,
    0x0, 0x0, 0xd, 0xff, 0xff, 0xfc, 0x0, 0x0,
    0x0, 0x0, 0x0, 0xd, 0xff, 0xff, 0xfc, 0x0,
    0x0, 0x0, 0x0, 0x0, 0xd, 0xff, 0xff, 0xfc,
    0x0, 0x0, 0x0, 0x0, 0x0, 0xd, 0xff, 0xff,
    0xfc, 0x0, 0x0, 0x0, 0x0, 0x0, 0xd, 0xff,
    0xff, 0xfc, 0x0, 0x0, 0x0, 0x0, 0x0, 0xd,
    0xff, 0xff, 0xfc, 0x0, 0x0, 0x0, 0x0, 0x0,
    0xd, 0xff, 0xff, 0xfc, 0x0, 0x0, 0x0, 0x0,
    0x0, 0xd, 0xff, 0xff, 0xfc, 0x0, 0x1, 0x35,
    0x70, 0x0, 0xd, 0xff, 0xff, 0xfb, 0x4d, 0xff,
    0xff, 0xe0, 0x0, 0xe, 0xff, 0xff, 0xfa, 0x4f,
    0xff, 0xff, 0xf1, 0x0, 0x2f, 0xff, 0xff, 0xf8,
    0x1f, 0xff, 0xff, 0xfb, 0x12, 0xbf, 0xff, 0xff,
    0xf5, 0xc, 0xff, 0xff, 0xff, 0xff, 0xff, 0xff,
    0xff, 0xf1, 0x5, 0xff, 0xff, 0xff, 0xff, 0xff,
    0xff, 0xff, 0x90, 0x0, 0x9f, 0xff, 0xff, 0xff,
    0xff, 0xff, 0xfc, 0x0, 0x0, 0x7, 0xff, 0xff,
    0xff, 0xff, 0xff, 0xa0, 0x0, 0x0, 0x0, 0x28,
    0xbe, 0xff, 0xfd, 0x93, 0x0, 0x0,

    /* U+004B "K" */
    0xcf, 0xff, 0xff, 0xd0, 0x0, 0x0, 0x9, 0xff,
    0xff, 0xff, 0xff, 0x3c, 0xff, 0xff, 0xfd, 0x0,
    0x0, 0x6, 0xff, 0xff, 0xff, 0xff, 0x40, 0xcf,
    0xff, 0xff, 0xd0, 0x0, 0x4, 0xff, 0xff, 0xff,
    0xff, 0x40, 0xc, 0xff, 0xff, 0xfd, 0x0, 0x2,
    0xff, 0xff, 0xff, 0xff, 0x50, 0x0, 0xcf, 0xff,
    0xff, 0xd0, 0x1, 0xdf, 0xff, 0xff, 0xff, 0x60,
    0x0, 0xc, 0xff, 0xff, 0xfd, 0x0, 0xcf, 0xff,
    0xff, 0xff, 0x70, 0x0, 0x0, 0xcf, 0xff, 0xff,
    0xd0, 0x9f, 0xff, 0xff, 0xff, 0x80, 0x0, 0x0,
    0xc, 0xff, 0xff, 0xfd, 0x7f, 0xff, 0xff, 0xff,
    0x90, 0x0, 0x0, 0x0, 0xcf, 0xff, 0xff, 0xff,
    0xff, 0xff, 0xff, 0xf0, 0x0, 0x0, 0x0, 0xc,
    0xff, 0xff, 0xff, 0xff, 0xff, 0xff, 0xff, 0x80,
    0x0, 0x0, 0x0, 0xcf, 0xff, 0xff, 0xff, 0xff,
    0xff, 0xff, 0xff, 0x20, 0x0, 0x0, 0xc, 0xff,
    0xff, 0xff, 0xff, 0xff, 0xff, 0xff, 0xfb, 0x0,
    0x0, 0x0, 0xcf, 0xff, 0xff, 0xff, 0xff, 0xff,
    0xff, 0xff, 0xf5, 0x0, 0x0, 0xc, 0xff, 0xff,
    0xff, 0xff, 0xc7, 0xff, 0xff, 0xff, 0xe0, 0x0,
    0x0, 0xcf, 0xff, 0xff, 0xff, 0xc0, 0xe, 0xff,
    0xff, 0xff, 0x80, 0x0, 0xc, 0xff, 0xff, 0xff,
    0xd1, 0x0, 0x6f, 0xff, 0xff, 0xff, 0x20, 0x0,
    0xcf, 0xff, 0xff, 0xe1, 0x0, 0x0, 0xef, 0xff,
    0xff, 0xfb, 0x0, 0xc, 0xff, 0xff, 0xfd, 0x0,
    0x0, 0x6, 0xff, 0xff, 0xff, 0xf4, 0x0, 0xcf,
    0xff, 0xff, 0xd0, 0x0, 0x0, 0xe, 0xff, 0xff,
    0xff, 0xd0, 0xc, 0xff, 0xff, 0xfd, 0x0, 0x0,
    0x0, 0x7f, 0xff, 0xff, 0xff, 0x70, 0xcf, 0xff,
    0xff, 0xd0, 0x0, 0x0, 0x0, 0xef, 0xff, 0xff,
    0xff, 0x2c, 0xff, 0xff, 0xfd, 0x0, 0x0, 0x0,
    0x7, 0xff, 0xff, 0xff, 0xfa,

    /* U+004C "L" */
    0xcf, 0xff, 0xff, 0xd0, 0x0, 0x0, 0x0, 0x0,
    0x0, 0xcf, 0xff, 0xff, 0xd0, 0x0, 0x0, 0x0,
    0x0, 0x0, 0xcf, 0xff, 0xff, 0xd0, 0x0, 0x0,
    0x0, 0x0, 0x0, 0xcf, 0xff, 0xff, 0xd0, 0x0,
    0x0, 0x0, 0x0, 0x0, 0xcf, 0xff, 0xff, 0xd0,
    0x0, 0x0, 0x0, 0x0, 0x0, 0xcf, 0xff, 0xff,
    0xd0, 0x0, 0x0, 0x0, 0x0, 0x0, 0xcf, 0xff,
    0xff, 0xd0, 0x0, 0x0, 0x0, 0x0, 0x0, 0xcf,
    0xff, 0xff, 0xd0, 0x0, 0x0, 0x0, 0x0, 0x0,
    0xcf, 0xff, 0xff, 0xd0, 0x0, 0x0, 0x0, 0x0,
    0x0, 0xcf, 0xff, 0xff, 0xd0, 0x0, 0x0, 0x0,
    0x0, 0x0, 0xcf, 0xff, 0xff, 0xd0, 0x0, 0x0,
    0x0, 0x0, 0x0, 0xcf, 0xff, 0xff, 0xd0, 0x0,
    0x0, 0x0, 0x0, 0x0, 0xcf, 0xff, 0xff, 0xd0,
    0x0, 0x0, 0x0, 0x0, 0x0, 0xcf, 0xff, 0xff,
    0xd0, 0x0, 0x0, 0x0, 0x0, 0x0, 0xcf, 0xff,
    0xff, 0xd0, 0x0, 0x0, 0x0, 0x0, 0x0, 0xcf,
    0xff, 0xff, 0xd0, 0x0, 0x0, 0x0, 0x0, 0x0,
    0xcf, 0xff, 0xff, 0xe5, 0x55, 0x55, 0x55, 0x55,
    0x50, 0xcf, 0xff, 0xff, 0xff, 0xff, 0xff, 0xff,
    0xff, 0xf3, 0xcf, 0xff, 0xff, 0xff, 0xff, 0xff,
    0xff, 0xff, 0xf3, 0xcf, 0xff, 0xff, 0xff, 0xff,
    0xff, 0xff, 0xff, 0xf3, 0xcf, 0xff, 0xff, 0xff,
    0xff, 0xff, 0xff, 0xff, 0xf3, 0xcf, 0xff, 0xff,
    0xff, 0xff, 0xff, 0xff, 0xff, 0xf3,

    /* U+004D "M" */
    0xef, 0xff, 0xff, 0xff, 0xf0, 0x0, 0x0, 0x8,
    0xff, 0xff, 0xff, 0xff, 0x4e, 0xff, 0xff, 0xff,
    0xff, 0x30, 0x0, 0x0, 0xcf, 0xff, 0xff, 0xff,
    0xf4, 0xef, 0xff, 0xff, 0xff, 0xf7, 0x0, 0x0,
    0xf, 0xff, 0xff, 0xff, 0xff, 0x4e, 0xff, 0xff,
    0xff, 0xff, 0xb0, 0x0, 0x4, 0xff, 0xff, 0xff,
    0xff, 0xf4, 0xef, 0xff, 0xff, 0xff, 0xff, 0x0,
    0x0, 0x8f, 0xff, 0xff, 0xff, 0xff, 0x4e, 0xff,
    0xff, 0xef, 0xff, 0xf3, 0x0, 0xc, 0xff, 0xfe,
    0xff, 0xff, 0xf4, 0xef, 0xff, 0xfa, 0xff, 0xff,
    0x70, 0x1, 0xff, 0xff, 0xaf, 0xff, 0xff, 0x4e,
    0xff, 0xff, 0x9d, 0xff, 0xfb, 0x0, 0x4f, 0xff,
    0xf6, 0xff, 0xff, 0xf4, 0xef, 0xff, 0xf9, 0x9f,
    0xff, 0xf0, 0x8, 0xff, 0xff, 0x3f, 0xff, 0xff,
    0x4e, 0xff, 0xff, 0x95, 0xff, 0xff, 0x30, 0xcf,
    0xff, 0xc2, 0xff, 0xff, 0xf4, 0xef, 0xff, 0xf9,
    0x1f, 0xff, 0xf7, 0x1f, 0xff, 0xf8, 0x2f, 0xff,
    0xff, 0x4e, 0xff, 0xff, 0x90, 0xdf, 0xff, 0xb4,
    0xff, 0xff, 0x42, 0xff, 0xff, 0xf4, 0xef, 0xff,
    0xf9, 0x9, 0xff, 0xff, 0x9f, 0xff, 0xf0, 0x2f,
    0xff, 0xff, 0x4e, 0xff, 0xff, 0x90, 0x5f, 0xff,
    0xff, 0xff, 0xfc, 0x2, 0xff, 0xff, 0xf4, 0xef,
    0xff, 0xf9, 0x1, 0xff, 0xff, 0xff, 0xff, 0x80,
    0x2f, 0xff, 0xff, 0x4e, 0xff, 0xff, 0x90, 0xe,
    0xff, 0xff, 0xff, 0xf4, 0x2, 0xff, 0xff, 0xf4,
    0xef, 0xff, 0xf9, 0x0, 0xaf, 0xff, 0xff, 0xff,
    0x0, 0x2f, 0xff, 0xff, 0x4e, 0xff, 0xff, 0x90,
    0x6, 0xff, 0xff, 0xff, 0xc0, 0x2, 0xff, 0xff,
    0xf4, 0xef, 0xff, 0xf9, 0x0, 0x1f, 0xff, 0xff,
    0xf8, 0x0, 0x2f, 0xff, 0xff, 0x4e, 0xff, 0xff,
    0x90, 0x0, 0xef, 0xff, 0xff, 0x40, 0x2, 0xff,
    0xff, 0xf4, 0xef, 0xff, 0xf9, 0x0, 0xa, 0xff,
    0xff, 0xf0, 0x0, 0x2f, 0xff, 0xff, 0x4e, 0xff,
    0xff, 0x90, 0x0, 0x6f, 0xff, 0xfc, 0x0, 0x2,
    0xff, 0xff, 0xf4,

    /* U+004E "N" */
    0xcf, 0xff, 0xff, 0xc0, 0x0, 0x0, 0x0, 0x7f,
    0xff, 0xff, 0xcc, 0xff, 0xff, 0xff, 0x60, 0x0,
    0x0, 0x7, 0xff, 0xff, 0xfc, 0xcf, 0xff, 0xff,
    0xff, 0x20, 0x0, 0x0, 0x7f, 0xff, 0xff, 0xcc,
    0xff, 0xff, 0xff, 0xfc, 0x0, 0x0, 0x7, 0xff,
    0xff, 0xfc, 0xcf, 0xff, 0xff, 0xff, 0xf6, 0x0,
    0x0, 0x7f, 0xff, 0xff, 0xcc, 0xff, 0xff, 0xff,
    0xff, 0xf2, 0x0, 0x7, 0xff, 0xff, 0xfc, 0xcf,
    0xff, 0xff, 0xff, 0xff, 0xc0, 0x0, 0x7f, 0xff,
    0xff, 0xcc, 0xff, 0xff, 0xff, 0xff, 0xff, 0x60,
    0x7, 0xff, 0xff, 0xfc, 0xcf, 0xff, 0xff, 0xff,
    0xff, 0xff, 0x20, 0x7f, 0xff, 0xff, 0xcc, 0xff,
    0xff, 0xff, 0xff, 0xff, 0xfb, 0x7, 0xff, 0xff,
    0xfc, 0xcf, 0xff, 0xff, 0xaf, 0xff, 0xff, 0xf6,
    0x7f, 0xff, 0xff, 0xcc, 0xff, 0xff, 0xf7, 0x7f,
    0xff, 0xff, 0xf9, 0xff, 0xff, 0xfc, 0xcf, 0xff,
    0xff, 0x70, 0xcf, 0xff, 0xff, 0xff, 0xff, 0xff,
    0xcc, 0xff, 0xff, 0xf7, 0x2, 0xff, 0xff, 0xff,
    0xff, 0xff, 0xfc, 0xcf, 0xff, 0xff, 0x70, 0x7,
    0xff, 0xff, 0xff, 0xff, 0xff, 0xcc, 0xff, 0xff,
    0xf7, 0x0, 0xc, 0xff, 0xff, 0xff, 0xff, 0xfc,
    0xcf, 0xff, 0xff, 0x70, 0x0, 0x2f, 0xff, 0xff,
    0xff, 0xff, 0xcc, 0xff, 0xff, 0xf7, 0x0, 0x0,
    0x7f, 0xff, 0xff, 0xff, 0xfc, 0xcf, 0xff, 0xff,
    0x70, 0x0, 0x0, 0xcf, 0xff, 0xff, 0xff, 0xcc,
    0xff, 0xff, 0xf7, 0x0, 0x0, 0x2, 0xff, 0xff,
    0xff, 0xfc, 0xcf, 0xff, 0xff, 0x70, 0x0, 0x0,
    0x7, 0xff, 0xff, 0xff, 0xcc, 0xff, 0xff, 0xf7,
    0x0, 0x0, 0x0, 0xc, 0xff, 0xff, 0xfc,

    /* U+004F "O" */
    0x0, 0x0, 0x0, 0x27, 0xbd, 0xef, 0xed, 0xb7,
    0x20, 0x0, 0x0, 0x0, 0x0, 0x2, 0xaf, 0xff,
    0xff, 0xff, 0xff, 0xff, 0xa2, 0x0, 0x0, 0x0,
    0x4, 0xef, 0xff, 0xff, 0xff, 0xff, 0xff, 0xff,
    0xf4, 0x0, 0x0, 0x3, 0xff, 0xff, 0xff, 0xff,
    0xff, 0xff, 0xff, 0xff, 0xf3, 0x0, 0x0, 0xef,
    0xff, 0xff, 0xff, 0xff, 0xff, 0xff, 0xff, 0xff,
    0xe1, 0x0, 0x7f, 0xff, 0xff, 0xff, 0x72, 0x12,
    0x8f, 0xff, 0xff, 0xff, 0x80, 0xe, 0xff, 0xff,
    0xff, 0x30, 0x0, 0x0, 0x4f, 0xff, 0xff, 0xfe,
    0x3, 0xff, 0xff, 0xff, 0x90, 0x0, 0x0, 0x0,
    0x9f, 0xff, 0xff, 0xf3, 0x6f, 0xff, 0xff, 0xf4,
    0x0, 0x0, 0x0, 0x4, 0xff, 0xff, 0xff, 0x68,
    0xff, 0xff, 0xff, 0x10, 0x0, 0x0, 0x0, 0x1f,
    0xff, 0xff, 0xf8, 0x9f, 0xff, 0xff, 0xf0, 0x0,
    0x0, 0x0, 0x0, 0xff, 0xff, 0xff, 0x99, 0xff,
    0xff, 0xff, 0x0, 0x0, 0x0, 0x0, 0xf, 0xff,
    0xff, 0xf9, 0x9f, 0xff, 0xff, 0xf1, 0x0, 0x0,
    0x0, 0x1, 0xff, 0xff, 0xff, 0x86, 0xff, 0xff,
    0xff, 0x40, 0x0, 0x0, 0x0, 0x4f, 0xff, 0xff,
    0xf6, 0x3f, 0xff, 0xff, 0xf9, 0x0, 0x0, 0x0,
    0x9, 0xff, 0xff, 0xff, 0x30, 0xef, 0xff, 0xff,
    0xf3, 0x0, 0x0, 0x2, 0xff, 0xff, 0xff, 0xe0,
    0x8, 0xff, 0xff, 0xff, 0xf7, 0x10, 0x16, 0xef,
    0xff, 0xff, 0xf8, 0x0, 0x1e, 0xff, 0xff, 0xff,
    0xff, 0xff, 0xff, 0xff, 0xff, 0xfe, 0x10, 0x0,
    0x4f, 0xff, 0xff, 0xff, 0xff, 0xff, 0xff, 0xff,
    0xff, 0x40, 0x0, 0x0, 0x5f, 0xff, 0xff, 0xff,
    0xff, 0xff, 0xff, 0xff, 0x50, 0x0, 0x0, 0x0,
    0x2b, 0xff, 0xff, 0xff, 0xff, 0xff, 0xfb, 0x20,
    0x0, 0x0, 0x0, 0x0, 0x2, 0x7b, 0xdf, 0xff,
    0xec, 0x83, 0x0, 0x0, 0x0,

    /* U+0050 "P" */
    0xdf, 0xff, 0xff, 0xff, 0xff, 0xff, 0xeb, 0x71,
    0x0, 0xd, 0xff, 0xff, 0xff, 0xff, 0xff, 0xff,
    0xff, 0xe4, 0x0, 0xdf, 0xff, 0xff, 0xff, 0xff,
    0xff, 0xff, 0xff, 0xf3, 0xd, 0xff, 0xff, 0xff,
    0xff, 0xff, 0xff, 0xff, 0xff, 0xb0, 0xdf, 0xff,
    0xff, 0xe6, 0x67, 0xbf, 0xff, 0xff, 0xff, 0x1d,
    0xff, 0xff, 0xfd, 0x0, 0x0, 0x8f, 0xff, 0xff,
    0xf4, 0xdf, 0xff, 0xff, 0xd0, 0x0, 0x2, 0xff,
    0xff, 0xff, 0x5d, 0xff, 0xff, 0xfd, 0x0, 0x0,
    0x2f, 0xff, 0xff, 0xf5, 0xdf, 0xff, 0xff, 0xd0,
    0x0, 0x9, 0xff, 0xff, 0xff, 0x3d, 0xff, 0xff,
    0xfe, 0x66, 0x7b, 0xff, 0xff, 0xff, 0xf0, 0xdf,
    0xff, 0xff, 0xff, 0xff, 0xff, 0xff, 0xff, 0xf9,
    0xd, 0xff, 0xff, 0xff, 0xff, 0xff, 0xff, 0xff,
    0xfd, 0x10, 0xdf, 0xff, 0xff, 0xff, 0xff, 0xff,
    0xff, 0xfc, 0x10, 0xd, 0xff, 0xff, 0xff, 0xff,
    0xff, 0xfd, 0xa4, 0x0, 0x0, 0xdf, 0xff, 0xff,
    0xd0, 0x0, 0x0, 0x0, 0x0, 0x0, 0xd, 0xff,
    0xff, 0xfd, 0x0, 0x0, 0x0, 0x0, 0x0, 0x0,
    0xdf, 0xff, 0xff, 0xd0, 0x0, 0x0, 0x0, 0x0,
    0x0, 0xd, 0xff, 0xff, 0xfd, 0x0, 0x0, 0x0,
    0x0, 0x0, 0x0, 0xdf, 0xff, 0xff, 0xd0, 0x0,
    0x0, 0x0, 0x0, 0x0, 0xd, 0xff, 0xff, 0xfd,
    0x0, 0x0, 0x0, 0x0, 0x0, 0x0, 0xdf, 0xff,
    0xff, 0xd0, 0x0, 0x0, 0x0, 0x0, 0x0, 0xd,
    0xff, 0xff, 0xfd, 0x0, 0x0, 0x0, 0x0, 0x0,
    0x0,

    /* U+0051 "Q" */
    0x0, 0x0, 0x0, 0x27, 0xbd, 0xef, 0xed, 0xb7,
    0x20, 0x0, 0x0, 0x0, 0x0, 0x0, 0x2a, 0xff,
    0xff, 0xff, 0xff, 0xff, 0xfa, 0x20, 0x0, 0x0,
    0x0, 0x4, 0xef, 0xff, 0xff, 0xff, 0xff, 0xff,
    0xff, 0xf4, 0x0, 0x0, 0x0, 0x3f, 0xff, 0xff,
    0xff, 0xff, 0xff, 0xff, 0xff, 0xff, 0x30, 0x0,
    0x0, 0xef, 0xff, 0xff, 0xff, 0xff, 0xff, 0xff,
    0xff, 0xff, 0xe1, 0x0, 0x7, 0xff, 0xff, 0xff,
    0xf7, 0x21, 0x28, 0xff, 0xff, 0xff, 0xf7, 0x0,
    0xe, 0xff, 0xff, 0xff, 0x30, 0x0, 0x0, 0x3f,
    0xff, 0xff, 0xfe, 0x0, 0x3f, 0xff, 0xff, 0xf9,
    0x0, 0x0, 0x0, 0x9, 0xff, 0xff, 0xff, 0x20,
    0x6f, 0xff, 0xff, 0xf4, 0x0, 0x0, 0x0, 0x4,
    0xff, 0xff, 0xff, 0x60, 0x8f, 0xff, 0xff, 0xf1,
    0x0, 0x0, 0x0, 0x1, 0xff, 0xff, 0xff, 0x70,
    0x9f, 0xff, 0xff, 0xf0, 0x0, 0x0, 0x0, 0x0,
    0xff, 0xff, 0xff, 0x90, 0x9f, 0xff, 0xff, 0xf0,
    0x0, 0x0, 0x0, 0x0, 0xff, 0xff, 0xff, 0x90,
    0x8f, 0xff, 0xff, 0xf1, 0x0, 0x0, 0x0, 0x1,
    0xff, 0xff, 0xff, 0x80, 0x6f, 0xff, 0xff, 0xf4,
    0x0, 0x1d, 0x81, 0x4, 0xff, 0xff, 0xff, 0x60,
    0x3f, 0xff, 0xff, 0xf9, 0x0, 0x7f, 0xfe, 0x48,
    0xff, 0xff, 0xff, 0x20, 0xe, 0xff, 0xff, 0xff,
    0x30, 0x7f, 0xff, 0xff, 0xff, 0xff, 0xfe, 0x0,
    0x7, 0xff, 0xff, 0xff, 0xe6, 0x11, 0xcf, 0xff,
    0xff, 0xff, 0xf7, 0x0, 0x0, 0xef, 0xff, 0xff,
    0xff, 0xff, 0xff, 0xff, 0xff, 0xff, 0xe0, 0x0,
    0x0, 0x3f, 0xff, 0xff, 0xff, 0xff, 0xff, 0xff,
    0xff, 0xff, 0x80, 0x0, 0x0, 0x4, 0xef, 0xff,
    0xff, 0xff, 0xff, 0xff, 0xff, 0xff, 0xfa, 0x20,
    0x0, 0x0, 0x1a, 0xff, 0xff, 0xff, 0xff, 0xff,
    0xff, 0xff, 0xff, 0xf3, 0x0, 0x0, 0x0, 0x27,
    0xbd, 0xff, 0xfe, 0xb8, 0x37, 0xff, 0xff, 0xd0,
    0x0, 0x0, 0x0, 0x0, 0x0, 0x0, 0x0, 0x0,
    0x0, 0x3d, 0xff, 0x50, 0x0, 0x0, 0x0, 0x0,
    0x0, 0x0, 0x0, 0x0, 0x0, 0x0, 0x6c, 0x0,
    0x0, 0x0, 0x0, 0x0, 0x0, 0x0, 0x0, 0x0,
    0x0, 0x0, 0x0, 0x0,

    /* U+0052 "R" */
    0xbf, 0xff, 0xff, 0xff, 0xff, 0xff, 0xfe, 0xc9,
    0x30, 0x0, 0x0, 0xbf, 0xff, 0xff, 0xff, 0xff,
    0xff, 0xff, 0xff, 0xfa, 0x0, 0x0, 0xbf, 0xff,
    0xff, 0xff, 0xff, 0xff, 0xff, 0xff, 0xff, 0x90,
    0x0, 0xbf, 0xff, 0xff, 0xff, 0xff, 0xff, 0xff,
    0xff, 0xff, 0xf2, 0x0, 0xbf, 0xff, 0xff, 0xf5,
    0x55, 0x68, 0xff, 0xff, 0xff, 0xf7, 0x0, 0xbf,
    0xff, 0xff, 0xf0, 0x0, 0x0, 0x4f, 0xff, 0xff,
    0xf9, 0x0, 0xbf, 0xff, 0xff, 0xf0, 0x0, 0x0,
    0xf, 0xff, 0xff, 0xfa, 0x0, 0xbf, 0xff, 0xff,
    0xf0, 0x0, 0x0, 0x3f, 0xff, 0xff, 0xf8, 0x0,
    0xbf, 0xff, 0xff, 0xf0, 0x0, 0x15, 0xdf, 0xff,
    0xff, 0xf3, 0x0, 0xbf, 0xff, 0xff, 0xff, 0xff,
    0xff, 0xff, 0xff, 0xff, 0xb0, 0x0, 0xbf, 0xff,
    0xff, 0xff, 0xff, 0xff, 0xff, 0xff, 0xfd, 0x10,
    0x0, 0xbf, 0xff, 0xff, 0xff, 0xff, 0xff, 0xff,
    0xff, 0x90, 0x0, 0x0, 0xbf, 0xff, 0xff, 0xff,
    0xff, 0xff, 0xff, 0xe4, 0x0, 0x0, 0x0, 0xbf,
    0xff, 0xff, 0xf1, 0x4d, 0xff, 0xff, 0xff, 0x90,
    0x0, 0x0, 0xbf, 0xff, 0xff, 0xf0, 0x2, 0xff,
    0xff, 0xff, 0xf6, 0x0, 0x0, 0xbf, 0xff, 0xff,
    0xf0, 0x0, 0x8f, 0xff, 0xff, 0xff, 0x20, 0x0,
    0xbf, 0xff, 0xff, 0xf0, 0x0, 0x1e, 0xff, 0xff,
    0xff, 0xa0, 0x0, 0xbf, 0xff, 0xff, 0xf0, 0x0,
    0x7, 0xff, 0xff, 0xff, 0xf2, 0x0, 0xbf, 0xff,
    0xff, 0xf0, 0x0, 0x0, 0xef, 0xff, 0xff, 0xfa,
    0x0, 0xbf, 0xff, 0xff, 0xf0, 0x0, 0x0, 0x6f,
    0xff, 0xff, 0xff, 0x20, 0xbf, 0xff, 0xff, 0xf0,
    0x0, 0x0, 0xd, 0xff, 0xff, 0xff, 0xa0, 0xbf,
    0xff, 0xff, 0xf0, 0x0, 0x0, 0x5, 0xff, 0xff,
    0xff, 0xf2,

    /* U+0053 "S" */
    0x0, 0x0, 0x17, 0xbd, 0xff, 0xfe, 0xc9, 0x40,
    0x0, 0x0, 0x0, 0x7, 0xff, 0xff, 0xff, 0xff,
    0xff, 0xfd, 0x30, 0x0, 0x0, 0xaf, 0xff, 0xff,
    0xff, 0xff, 0xff, 0xff, 0xf3, 0x0, 0x6, 0xff,
    0xff, 0xff, 0xff, 0xff, 0xff, 0xff, 0xfd, 0x0,
    0xd, 0xff, 0xff, 0xfa, 0x20, 0x3a, 0xff, 0xff,
    0xff, 0x50, 0xf, 0xff, 0xff, 0xf0, 0x0, 0x0,
    0xdf, 0xff, 0xff, 0x90, 0x1f, 0xff, 0xff, 0xf7,
    0x0, 0x0, 0x49, 0x99, 0x99, 0x60, 0xf, 0xff,
    0xff, 0xff, 0xea, 0x63, 0x0, 0x0, 0x0, 0x0,
    0xa, 0xff, 0xff, 0xff, 0xff, 0xff, 0xea, 0x50,
    0x0, 0x0, 0x1, 0xef, 0xff, 0xff, 0xff, 0xff,
    0xff, 0xfe, 0x60, 0x0, 0x0, 0x2c, 0xff, 0xff,
    0xff, 0xff, 0xff, 0xff, 0xfb, 0x0, 0x0, 0x0,
    0x6d, 0xff, 0xff, 0xff, 0xff, 0xff, 0xff, 0x90,
    0x0, 0x0, 0x0, 0x27, 0xbf, 0xff, 0xff, 0xff,
    0xff, 0xf1, 0x0, 0x0, 0x0, 0x0, 0x0, 0x49,
    0xff, 0xff, 0xff, 0xf5, 0x9a, 0xaa, 0xaa, 0x40,
    0x0, 0x0, 0x5f, 0xff, 0xff, 0xf7, 0xcf, 0xff,
    0xff, 0xa0, 0x0, 0x0, 0xf, 0xff, 0xff, 0xf7,
    0x8f, 0xff, 0xff, 0xf3, 0x0, 0x0, 0x3f, 0xff,
    0xff, 0xf4, 0x2f, 0xff, 0xff, 0xff, 0x84, 0x48,
    0xff, 0xff, 0xff, 0xe0, 0x9, 0xff, 0xff, 0xff,
    0xff, 0xff, 0xff, 0xff, 0xff, 0x50, 0x0, 0xcf,
    0xff, 0xff, 0xff, 0xff, 0xff, 0xff, 0xf7, 0x0,
    0x0, 0xa, 0xff, 0xff, 0xff, 0xff, 0xff, 0xfe,
    0x50, 0x0, 0x0, 0x0, 0x17, 0xad, 0xef, 0xfe,
    0xda, 0x50, 0x0, 0x0,

    /* U+0054 "T" */
    0x5f, 0xff, 0xff, 0xff, 0xff, 0xff, 0xff, 0xff,
    0xff, 0xff, 0xd5, 0xff, 0xff, 0xff, 0xff, 0xff,
    0xff, 0xff, 0xff, 0xff, 0xfd, 0x5f, 0xff, 0xff,
    0xff, 0xff, 0xff, 0xff, 0xff, 0xff, 0xff, 0xd5,
    0xff, 0xff, 0xff, 0xff, 0xff, 0xff, 0xff, 0xff,
    0xff, 0xfd, 0x5f, 0xff, 0xff, 0xff, 0xff, 0xff,
    0xff, 0xff, 0xff, 0xff, 0xd1, 0x55, 0x55, 0x55,
    0xbf, 0xff, 0xff, 0xf6, 0x55, 0x55, 0x54, 0x0,
    0x0, 0x0, 0x8, 0xff, 0xff, 0xff, 0x10, 0x0,
    0x0, 0x0, 0x0, 0x0, 0x0, 0x8f, 0xff, 0xff,
    0xf1, 0x0, 0x0, 0x0, 0x0, 0x0, 0x0, 0x8,
    0xff, 0xff, 0xff, 0x10, 0x0, 0x0, 0x0, 0x0,
    0x0, 0x0, 0x8f, 0xff, 0xff, 0xf1, 0x0, 0x0,
    0x0, 0x0, 0x0, 0x0, 0x8, 0xff, 0xff, 0xff,
    0x10, 0x0, 0x0, 0x0, 0x0, 0x0, 0x0, 0x8f,
    0xff, 0xff, 0xf1, 0x0, 0x0, 0x0, 0x0, 0x0,
    0x0, 0x8, 0xff, 0xff, 0xff, 0x10, 0x0, 0x0,
    0x0, 0x0, 0x0, 0x0, 0x8f, 0xff, 0xff, 0xf1,
    0x0, 0x0, 0x0, 0x0, 0x0, 0x0, 0x8, 0xff,
    0xff, 0xff, 0x10, 0x0, 0x0, 0x0, 0x0, 0x0,
    0x0, 0x8f, 0xff, 0xff, 0xf1, 0x0, 0x0, 0x0,
    0x0, 0x0, 0x0, 0x8, 0xff, 0xff, 0xff, 0x10,
    0x0, 0x0, 0x0, 0x0, 0x0, 0x0, 0x8f, 0xff,
    0xff, 0xf1, 0x0, 0x0, 0x0, 0x0, 0x0, 0x0,
    0x8, 0xff, 0xff, 0xff, 0x10, 0x0, 0x0, 0x0,
    0x0, 0x0, 0x0, 0x8f, 0xff, 0xff, 0xf1, 0x0,
    0x0, 0x0, 0x0, 0x0, 0x0, 0x8, 0xff, 0xff,
    0xff, 0x10, 0x0, 0x0, 0x0, 0x0, 0x0, 0x0,
    0x8f, 0xff, 0xff, 0xf1, 0x0, 0x0, 0x0,

    /* U+0055 "U" */
    0xcf, 0xff, 0xff, 0xd0, 0x0, 0x0, 0x0, 0xdf,
    0xff, 0xff, 0xcc, 0xff, 0xff, 0xfd, 0x0, 0x0,
    0x0, 0xd, 0xff, 0xff, 0xfc, 0xcf, 0xff, 0xff,
    0xd0, 0x0, 0x0, 0x0, 0xdf, 0xff, 0xff, 0xcc,
    0xff, 0xff, 0xfd, 0x0, 0x0, 0x0, 0xd, 0xff,
    0xff, 0xfc, 0xcf, 0xff, 0xff, 0xd0, 0x0, 0x0,
    0x0, 0xdf, 0xff, 0xff, 0xcc, 0xff, 0xff, 0xfd,
    0x0, 0x0, 0x0, 0xd, 0xff, 0xff, 0xfc, 0xcf,
    0xff, 0xff, 0xd0, 0x0, 0x0, 0x0, 0xdf, 0xff,
    0xff, 0xcc, 0xff, 0xff, 0xfd, 0x0, 0x0, 0x0,
    0xd, 0xff, 0xff, 0xfc, 0xcf, 0xff, 0xff, 0xd0,
    0x0, 0x0, 0x0, 0xdf, 0xff, 0xff, 0xcc, 0xff,
    0xff, 0xfd, 0x0, 0x0, 0x0, 0xd, 0xff, 0xff,
    0xfc, 0xcf, 0xff, 0xff, 0xd0, 0x0, 0x0, 0x0,
    0xdf, 0xff, 0xff, 0xcc, 0xff, 0xff, 0xfd, 0x0,
    0x0, 0x0, 0xd, 0xff, 0xff, 0xfc, 0xcf, 0xff,
    0xff, 0xd0, 0x0, 0x0, 0x0, 0xdf, 0xff, 0xff,
    0xcb, 0xff, 0xff, 0xfe, 0x0, 0x0, 0x0, 0xe,
    0xff, 0xff, 0xfb, 0xaf, 0xff, 0xff, 0xf0, 0x0,
    0x0, 0x0, 0xff, 0xff, 0xff, 0xa6, 0xff, 0xff,
    0xff, 0x80, 0x0, 0x0, 0x8f, 0xff, 0xff, 0xf7,
    0x2f, 0xff, 0xff, 0xff, 0x93, 0x13, 0x9f, 0xff,
    0xff, 0xff, 0x20, 0xcf, 0xff, 0xff, 0xff, 0xff,
    0xff, 0xff, 0xff, 0xff, 0xb0, 0x2, 0xff, 0xff,
    0xff, 0xff, 0xff, 0xff, 0xff, 0xff, 0xf2, 0x0,
    0x4, 0xff, 0xff, 0xff, 0xff, 0xff, 0xff, 0xff,
    0xf4, 0x0, 0x0, 0x3, 0xdf, 0xff, 0xff, 0xff,
    0xff, 0xff, 0xd3, 0x0, 0x0, 0x0, 0x0, 0x48,
    0xcd, 0xff, 0xfe, 0xc9, 0x40, 0x0, 0x0,

    /* U+0056 "V" */
    0xbf, 0xff, 0xff, 0xf2, 0x0, 0x0, 0x0, 0x0,
    0x8f, 0xff, 0xff, 0xf2, 0x5f, 0xff, 0xff, 0xf7,
    0x0, 0x0, 0x0, 0x0, 0xdf, 0xff, 0xff, 0xc0,
    0xf, 0xff, 0xff, 0xfc, 0x0, 0x0, 0x0, 0x2,
    0xff, 0xff, 0xff, 0x60, 0xa, 0xff, 0xff, 0xff,
    0x10, 0x0, 0x0, 0x7, 0xff, 0xff, 0xff, 0x10,
    0x4, 0xff, 0xff, 0xff, 0x60, 0x0, 0x0, 0xb,
    0xff, 0xff, 0xfb, 0x0, 0x0, 0xef, 0xff, 0xff,
    0xb0, 0x0, 0x0, 0x1f, 0xff, 0xff, 0xf5, 0x0,
    0x0, 0x8f, 0xff, 0xff, 0xf0, 0x0, 0x0, 0x5f,
    0xff, 0xff, 0xf0, 0x0, 0x0, 0x2f, 0xff, 0xff,
    0xf4, 0x0, 0x0, 0xaf, 0xff, 0xff, 0xa0, 0x0,
    0x0, 0xc, 0xff, 0xff, 0xf9, 0x0, 0x0, 0xef,
    0xff, 0xff, 0x40, 0x0, 0x0, 0x6, 0xff, 0xff,
    0xfe, 0x0, 0x4, 0xff, 0xff, 0xfe, 0x0, 0x0,
    0x0, 0x1, 0xff, 0xff, 0xff, 0x30, 0x8, 0xff,
    0xff, 0xf8, 0x0, 0x0, 0x0, 0x0, 0xaf, 0xff,
    0xff, 0x80, 0xd, 0xff, 0xff, 0xf2, 0x0, 0x0,
    0x0, 0x0, 0x5f, 0xff, 0xff, 0xd0, 0x2f, 0xff,
    0xff, 0xd0, 0x0, 0x0, 0x0, 0x0, 0xe, 0xff,
    0xff, 0xf2, 0x7f, 0xff, 0xff, 0x70, 0x0, 0x0,
    0x0, 0x0, 0x9, 0xff, 0xff, 0xf7, 0xcf, 0xff,
    0xff, 0x10, 0x0, 0x0, 0x0, 0x0, 0x3, 0xff,
    0xff, 0xfc, 0xff, 0xff, 0xfb, 0x0, 0x0, 0x0,
    0x0, 0x0, 0x0, 0xdf, 0xff, 0xff, 0xff, 0xff,
    0xf5, 0x0, 0x0, 0x0, 0x0, 0x0, 0x0, 0x7f,
    0xff, 0xff, 0xff, 0xff, 0xf0, 0x0, 0x0, 0x0,
    0x0, 0x0, 0x0, 0x1f, 0xff, 0xff, 0xff, 0xff,
    0xa0, 0x0, 0x0, 0x0, 0x0, 0x0, 0x0, 0xb,
    0xff, 0xff, 0xff, 0xff, 0x40, 0x0, 0x0, 0x0,
    0x0, 0x0, 0x0, 0x5, 0xff, 0xff, 0xff, 0xfe,
    0x0, 0x0, 0x0, 0x0, 0x0, 0x0, 0x0, 0x0,
    0xff, 0xff, 0xff, 0xf8, 0x0, 0x0, 0x0, 0x0,

    /* U+0057 "W" */
    0xe, 0xff, 0xff, 0xf5, 0x0, 0x0, 0x4f, 0xff,
    0xff, 0xf4, 0x0, 0x0, 0x5f, 0xff, 0xff, 0xe0,
    0xb, 0xff, 0xff, 0xf8, 0x0, 0x0, 0x8f, 0xff,
    0xff, 0xf8, 0x0, 0x0, 0x8f, 0xff, 0xff, 0xb0,
    0x7, 0xff, 0xff, 0xfb, 0x0, 0x0, 0xdf, 0xff,
    0xff, 0xfd, 0x0, 0x0, 0xbf, 0xff, 0xff, 0x70,
    0x4, 0xff, 0xff, 0xfe, 0x0, 0x1, 0xff, 0xff,
    0xff, 0xff, 0x10, 0x0, 0xef, 0xff, 0xff, 0x40,
    0x0, 0xff, 0xff, 0xff, 0x10, 0x5, 0xff, 0xff,
    0xff, 0xff, 0x50, 0x1, 0xff, 0xff, 0xff, 0x0,
    0x0, 0xdf, 0xff, 0xff, 0x40, 0x9, 0xff, 0xff,
    0xff, 0xff, 0xa0, 0x4, 0xff, 0xff, 0xfd, 0x0,
    0x0, 0x9f, 0xff, 0xff, 0x70, 0xe, 0xff, 0xff,
    0xff, 0xff, 0xe0, 0x7, 0xff, 0xff, 0xf9, 0x0,
    0x0, 0x6f, 0xff, 0xff, 0xa0, 0x2f, 0xff, 0xff,
    0xff, 0xff, 0xf2, 0xa, 0xff, 0xff, 0xf6, 0x0,
    0x0, 0x2f, 0xff, 0xff, 0xd0, 0x6f, 0xff, 0xfe,
    0xef, 0xff, 0xf7, 0xd, 0xff, 0xff, 0xf2, 0x0,
    0x0, 0xf, 0xff, 0xff, 0xf0, 0xbf, 0xff, 0xfa,
    0x9f, 0xff, 0xfb, 0xf, 0xff, 0xff, 0xf0, 0x0,
    0x0, 0xb, 0xff, 0xff, 0xf3, 0xff, 0xff, 0xf6,
    0x5f, 0xff, 0xff, 0x3f, 0xff, 0xff, 0xc0, 0x0,
    0x0, 0x8, 0xff, 0xff, 0xfa, 0xff, 0xff, 0xf1,
    0x1f, 0xff, 0xff, 0xaf, 0xff, 0xff, 0x80, 0x0,
    0x0, 0x4, 0xff, 0xff, 0xff, 0xff, 0xff, 0xd0,
    0xc, 0xff, 0xff, 0xff, 0xff, 0xff, 0x50, 0x0,
    0x0, 0x1, 0xff, 0xff, 0xff, 0xff, 0xff, 0x90,
    0x8, 0xff, 0xff, 0xff, 0xff, 0xff, 0x10, 0x0,
    0x0, 0x0, 0xdf, 0xff, 0xff, 0xff, 0xff, 0x40,
    0x4, 0xff, 0xff, 0xff, 0xff, 0xfe, 0x0, 0x0,
    0x0, 0x0, 0xaf, 0xff, 0xff, 0xff, 0xff, 0x0,
    0x0, 0xff, 0xff, 0xff, 0xff, 0xfa, 0x0, 0x0,
    0x0, 0x0, 0x6f, 0xff, 0xff, 0xff, 0xfc, 0x0,
    0x0, 0xbf, 0xff, 0xff, 0xff, 0xf7, 0x0, 0x0,
    0x0, 0x0, 0x3f, 0xff, 0xff, 0xff, 0xf7, 0x0,
    0x0, 0x7f, 0xff, 0xff, 0xff, 0xf3, 0x0, 0x0,
    0x0, 0x0, 0xf, 0xff, 0xff, 0xff, 0xf3, 0x0,
    0x0, 0x2f, 0xff, 0xff, 0xff, 0xf0, 0x0, 0x0,
    0x0, 0x0, 0xc, 0xff, 0xff, 0xff, 0xe0, 0x0,
    0x0, 0xe, 0xff, 0xff, 0xff, 0xd0, 0x0, 0x0,
    0x0, 0x0, 0x9, 0xff, 0xff, 0xff, 0xa0, 0x0,
    0x0, 0xa, 0xff, 0xff, 0xff, 0x90, 0x0, 0x0,
    0x0, 0x0, 0x5, 0xff, 0xff, 0xff, 0x60, 0x0,
    0x0, 0x5, 0xff, 0xff, 0xff, 0x60, 0x0, 0x0,

    /* U+0058 "X" */
    0x1e, 0xff, 0xff, 0xff, 0x40, 0x0, 0x0, 0xb,
    0xff, 0xff, 0xff, 0x70, 0x5, 0xff, 0xff, 0xff,
    0xd0, 0x0, 0x0, 0x4f, 0xff, 0xff, 0xfc, 0x0,
    0x0, 0xaf, 0xff, 0xff, 0xf7, 0x0, 0x0, 0xdf,
    0xff, 0xff, 0xf3, 0x0, 0x0, 0x1f, 0xff, 0xff,
    0xfe, 0x10, 0x6, 0xff, 0xff, 0xff, 0x90, 0x0,
    0x0, 0x6, 0xff, 0xff, 0xff, 0x90, 0xe, 0xff,
    0xff, 0xfe, 0x0, 0x0, 0x0, 0x0, 0xcf, 0xff,
    0xff, 0xf2, 0x7f, 0xff, 0xff, 0xf5, 0x0, 0x0,
    0x0, 0x0, 0x2f, 0xff, 0xff, 0xfb, 0xff, 0xff,
    0xff, 0xa0, 0x0, 0x0, 0x0, 0x0, 0x7, 0xff,
    0xff, 0xff, 0xff, 0xff, 0xff, 0x10, 0x0, 0x0,
    0x0, 0x0, 0x0, 0xdf, 0xff, 0xff, 0xff, 0xff,
    0xf6, 0x0, 0x0, 0x0, 0x0, 0x0, 0x0, 0x3f,
    0xff, 0xff, 0xff, 0xff, 0xc0, 0x0, 0x0, 0x0,
    0x0, 0x0, 0x0, 0xb, 0xff, 0xff, 0xff, 0xff,
    0x40, 0x0, 0x0, 0x0, 0x0, 0x0, 0x0, 0x3f,
    0xff, 0xff, 0xff, 0xff, 0x90, 0x0, 0x0, 0x0,
    0x0, 0x0, 0x0, 0xcf, 0xff, 0xff, 0xff, 0xff,
    0xf4, 0x0, 0x0, 0x0, 0x0, 0x0, 0x7, 0xff,
    0xff, 0xff, 0xff, 0xff, 0xfd, 0x0, 0x0, 0x0,
    0x0, 0x0, 0x2f, 0xff, 0xff, 0xff, 0xff, 0xff,
    0xff, 0x80, 0x0, 0x0, 0x0, 0x0, 0xcf, 0xff,
    0xff, 0xf6, 0xef, 0xff, 0xff, 0xf3, 0x0, 0x0,
    0x0, 0x6, 0xff, 0xff, 0xff, 0xc0, 0x5f, 0xff,
    0xff, 0xfd, 0x0, 0x0, 0x0, 0x1f, 0xff, 0xff,
    0xff, 0x20, 0xc, 0xff, 0xff, 0xff, 0x70, 0x0,
    0x0, 0xbf, 0xff, 0xff, 0xf8, 0x0, 0x2, 0xff,
    0xff, 0xff, 0xf2, 0x0, 0x5, 0xff, 0xff, 0xff,
    0xe0, 0x0, 0x0, 0x9f, 0xff, 0xff, 0xfc, 0x0,
    0x1e, 0xff, 0xff, 0xff, 0x50, 0x0, 0x0, 0xe,
    0xff, 0xff, 0xff, 0x60, 0xaf, 0xff, 0xff, 0xfc,
    0x0, 0x0, 0x0, 0x5, 0xff, 0xff, 0xff, 0xf1,

    /* U+0059 "Y" */
    0xaf, 0xff, 0xff, 0xfa, 0x0, 0x0, 0x0, 0x3,
    0xff, 0xff, 0xff, 0xf1, 0x1e, 0xff, 0xff, 0xff,
    0x40, 0x0, 0x0, 0xc, 0xff, 0xff, 0xff, 0x60,
    0x5, 0xff, 0xff, 0xff, 0xd0, 0x0, 0x0, 0x6f,
    0xff, 0xff, 0xfc, 0x0, 0x0, 0xaf, 0xff, 0xff,
    0xf7, 0x0, 0x1, 0xef, 0xff, 0xff, 0xf2, 0x0,
    0x0, 0x1e, 0xff, 0xff, 0xff, 0x10, 0x9, 0xff,
    0xff, 0xff, 0x70, 0x0, 0x0, 0x5, 0xff, 0xff,
    0xff, 0x90, 0x2f, 0xff, 0xff, 0xfc, 0x0, 0x0,
    0x0, 0x0, 0xbf, 0xff, 0xff, 0xf3, 0xbf, 0xff,
    0xff, 0xf2, 0x0, 0x0, 0x0, 0x0, 0x1f, 0xff,
    0xff, 0xfe, 0xff, 0xff, 0xff, 0x70, 0x0, 0x0,
    0x0, 0x0, 0x6, 0xff, 0xff, 0xff, 0xff, 0xff,
    0xfd, 0x0, 0x0, 0x0, 0x0, 0x0, 0x0, 0xcf,
    0xff, 0xff, 0xff, 0xff, 0xf3, 0x0, 0x0, 0x0,
    0x0, 0x0, 0x0, 0x2f, 0xff, 0xff, 0xff, 0xff,
    0x80, 0x0, 0x0, 0x0, 0x0, 0x0, 0x0, 0x7,
    0xff, 0xff, 0xff, 0xfd, 0x0, 0x0, 0x0, 0x0,
    0x0, 0x0, 0x0, 0x0, 0xcf, 0xff, 0xff, 0xf3,
    0x0, 0x0, 0x0, 0x0, 0x0, 0x0, 0x0, 0x0,
    0x9f, 0xff, 0xff, 0xf0, 0x0, 0x0, 0x0, 0x0,
    0x0, 0x0, 0x0, 0x0, 0x9f, 0xff, 0xff, 0xf0,
    0x0, 0x0, 0x0, 0x0, 0x0, 0x0, 0x0, 0x0,
    0x9f, 0xff, 0xff, 0xf0, 0x0, 0x0, 0x0, 0x0,
    0x0, 0x0, 0x0, 0x0, 0x9f, 0xff, 0xff, 0xf0,
    0x0, 0x0, 0x0, 0x0, 0x0, 0x0, 0x0, 0x0,
    0x9f, 0xff, 0xff, 0xf0, 0x0, 0x0, 0x0, 0x0,
    0x0, 0x0, 0x0, 0x0, 0x9f, 0xff, 0xff, 0xf0,
    0x0, 0x0, 0x0, 0x0, 0x0, 0x0, 0x0, 0x0,
    0x9f, 0xff, 0xff, 0xf0, 0x0, 0x0, 0x0, 0x0,
    0x0, 0x0, 0x0, 0x0, 0x9f, 0xff, 0xff, 0xf0,
    0x0, 0x0, 0x0, 0x0, 0x0, 0x0, 0x0, 0x0,
    0x9f, 0xff, 0xff, 0xf0, 0x0, 0x0, 0x0, 0x0,

    /* U+005A "Z" */
    0x5, 0xff, 0xff, 0xff, 0xff, 0xff, 0xff, 0xff,
    0xff, 0xff, 0x70, 0x5f, 0xff, 0xff, 0xff, 0xff,
    0xff, 0xff, 0xff, 0xff, 0xf7, 0x5, 0xff, 0xff,
    0xff, 0xff, 0xff, 0xff, 0xff, 0xff, 0xff, 0x70,
    0x5f, 0xff, 0xff, 0xff, 0xff, 0xff, 0xff, 0xff,
    0xff, 0xf7, 0x3, 0x99, 0x99, 0x99, 0x99, 0x99,
    0xef, 0xff, 0xff, 0xff, 0x30, 0x0, 0x0, 0x0,
    0x0, 0x0, 0x6f, 0xff, 0xff, 0xff, 0x50, 0x0,
    0x0, 0x0, 0x0, 0x0, 0x5f, 0xff, 0xff, 0xff,
    0x60, 0x0, 0x0, 0x0, 0x0, 0x0, 0x4f, 0xff,
    0xff, 0xff, 0x70, 0x0, 0x0, 0x0, 0x0, 0x0,
    0x3f, 0xff, 0xff, 0xff, 0x90, 0x0, 0x0, 0x0,
    0x0, 0x0, 0x2e, 0xff, 0xff, 0xff, 0xa0, 0x0,
    0x0, 0x0, 0x0, 0x0, 0x2e, 0xff, 0xff, 0xff,
    0xb0, 0x0, 0x0, 0x0, 0x0, 0x0, 0x1d, 0xff,
    0xff, 0xff, 0xc0, 0x0, 0x0, 0x0, 0x0, 0x0,
    0xc, 0xff, 0xff, 0xff, 0xd0, 0x0, 0x0, 0x0,
    0x0, 0x0, 0xc, 0xff, 0xff, 0xff, 0xd1, 0x0,
    0x0, 0x0, 0x0, 0x0, 0xb, 0xff, 0xff, 0xff,
    0xe2, 0x0, 0x0, 0x0, 0x0, 0x0, 0xa, 0xff,
    0xff, 0xff, 0xe2, 0x0, 0x0, 0x0, 0x0, 0x0,
    0x9, 0xff, 0xff, 0xff, 0xf3, 0x0, 0x0, 0x0,
    0x0, 0x0, 0x6, 0xff, 0xff, 0xff, 0xfd, 0xaa,
    0xaa, 0xaa, 0xaa, 0xaa, 0xa8, 0x8f, 0xff, 0xff,
    0xff, 0xff, 0xff, 0xff, 0xff, 0xff, 0xff, 0xe8,
    0xff, 0xff, 0xff, 0xff, 0xff, 0xff, 0xff, 0xff,
    0xff, 0xfe, 0x8f, 0xff, 0xff, 0xff, 0xff, 0xff,
    0xff, 0xff, 0xff, 0xff, 0xe8, 0xff, 0xff, 0xff,
    0xff, 0xff, 0xff, 0xff, 0xff, 0xff, 0xfe,

    /* U+005B "[" */
    0xf, 0xff, 0xff, 0xff, 0xff, 0xf, 0xff, 0xff,
    0xff, 0xff, 0xf, 0xff, 0xff, 0xff, 0xff, 0xf,
    0xff, 0xff, 0xff, 0xff, 0xf, 0xff, 0xff, 0xca,
    0xaa, 0xf, 0xff, 0xff, 0x60, 0x0, 0xf, 0xff,
    0xff, 0x60, 0x0, 0xf, 0xff, 0xff, 0x60, 0x0,
    0xf, 0xff, 0xff, 0x60, 0x0, 0xf, 0xff, 0xff,
    0x60, 0x0, 0xf, 0xff, 0xff, 0x60, 0x0, 0xf,
    0xff, 0xff, 0x60, 0x0, 0xf, 0xff, 0xff, 0x60,
    0x0, 0xf, 0xff, 0xff, 0x60, 0x0, 0xf, 0xff,
    0xff, 0x60, 0x0, 0xf, 0xff, 0xff, 0x60, 0x0,
    0xf, 0xff, 0xff, 0x60, 0x0, 0xf, 0xff, 0xff,
    0x60, 0x0, 0xf, 0xff, 0xff, 0x60, 0x0, 0xf,
    0xff, 0xff, 0x60, 0x0, 0xf, 0xff, 0xff, 0x60,
    0x0, 0xf, 0xff, 0xff, 0x60, 0x0, 0xf, 0xff,
    0xff, 0x60, 0x0, 0xf, 0xff, 0xff, 0xca, 0xaa,
    0xf, 0xff, 0xff, 0xff, 0xff, 0xf, 0xff, 0xff,
    0xff, 0xff, 0xf, 0xff, 0xff, 0xff, 0xff, 0xf,
    0xff, 0xff, 0xff, 0xff,

    /* U+005C "\\" */
    0xf, 0xff, 0x10, 0x0, 0x0, 0xb, 0xff, 0x50,
    0x0, 0x0, 0x7, 0xff, 0x80, 0x0, 0x0, 0x3,
    0xff, 0xc0, 0x0, 0x0, 0x0, 0xff, 0xf0, 0x0,
    0x0, 0x0, 0xbf, 0xf4, 0x0, 0x0, 0x0, 0x8f,
    0xf8, 0x0, 0x0, 0x0, 0x4f, 0xfc, 0x0, 0x0,
    0x0, 0xf, 0xff, 0x0, 0x0, 0x0, 0xc, 0xff,
    0x40, 0x0, 0x0, 0x8, 0xff, 0x80, 0x0, 0x0,
    0x4, 0xff, 0xc0, 0x0, 0x0, 0x0, 0xff, 0xf0,
    0x0, 0x0, 0x0, 0xcf, 0xf3, 0x0, 0x0, 0x0,
    0x8f, 0xf7, 0x0, 0x0, 0x0, 0x4f, 0xfb, 0x0,
    0x0, 0x0, 0xf, 0xff, 0x0, 0x0, 0x0, 0xc,
    0xff, 0x30, 0x0, 0x0, 0x8, 0xff, 0x70, 0x0,
    0x0, 0x5, 0xff, 0xb0, 0x0, 0x0, 0x1, 0xff,
    0xf0, 0x0, 0x0, 0x0, 0xdf, 0xf3,

    /* U+005D "]" */
    0x4f, 0xff, 0xff, 0xff, 0xfb, 0x4f, 0xff, 0xff,
    0xff, 0xfb, 0x4f, 0xff, 0xff, 0xff, 0xfb, 0x4f,
    0xff, 0xff, 0xff, 0xfb, 0x3a, 0xaa, 0xef, 0xff,
    0xfb, 0x0, 0x0, 0xbf, 0xff, 0xfb, 0x0, 0x0,
    0xbf, 0xff, 0xfb, 0x0, 0x0, 0xbf, 0xff, 0xfb,
    0x0, 0x0, 0xbf, 0xff, 0xfb, 0x0, 0x0, 0xbf,
    0xff, 0xfb, 0x0, 0x0, 0xbf, 0xff, 0xfb, 0x0,
    0x0, 0xbf, 0xff, 0xfb, 0x0, 0x0, 0xbf, 0xff,
    0xfb, 0x0, 0x0, 0xbf, 0xff, 0xfb, 0x0, 0x0,
    0xbf, 0xff, 0xfb, 0x0, 0x0, 0xbf, 0xff, 0xfb,
    0x0, 0x0, 0xbf, 0xff, 0xfb, 0x0, 0x0, 0xbf,
    0xff, 0xfb, 0x0, 0x0, 0xbf, 0xff, 0xfb, 0x0,
    0x0, 0xbf, 0xff, 0xfb, 0x0, 0x0, 0xbf, 0xff,
    0xfb, 0x0, 0x0, 0xbf, 0xff, 0xfb, 0x0, 0x0,
    0xbf, 0xff, 0xfb, 0x3a, 0xaa, 0xef, 0xff, 0xfb,
    0x4f, 0xff, 0xff, 0xff, 0xfb, 0x4f, 0xff, 0xff,
    0xff, 0xfb, 0x4f, 0xff, 0xff, 0xff, 0xfb, 0x4f,
    0xff, 0xff, 0xff, 0xfb,

    /* U+005E "^" */
    0x0, 0x0, 0x0, 0x7f, 0xff, 0xf2, 0x0, 0x0,
    0x0, 0x0, 0x0, 0xe, 0xff, 0xff, 0xa0, 0x0,
    0x0, 0x0, 0x0, 0x7, 0xff, 0xff, 0xff, 0x20,
    0x0, 0x0, 0x0, 0x0, 0xef, 0xff, 0xff, 0xfa,
    0x0, 0x0, 0x0, 0x0, 0x6f, 0xff, 0xff, 0xff,
    0xf2, 0x0, 0x0, 0x0, 0xe, 0xff, 0xf9, 0xdf,
    0xff, 0xa0, 0x0, 0x0, 0x6, 0xff, 0xff, 0x27,
    0xff, 0xff, 0x20, 0x0, 0x0, 0xef, 0xff, 0xc0,
    0x1f, 0xff, 0xfa, 0x0, 0x0, 0x6f, 0xff, 0xf6,
    0x0, 0xaf, 0xff, 0xf2, 0x0, 0xe, 0xff, 0xff,
    0x0, 0x4, 0xff, 0xff, 0xa0, 0x6, 0xff, 0xff,
    0x90, 0x0, 0xd, 0xff, 0xff, 0x20, 0xef, 0xff,
    0xf3, 0x0, 0x0, 0x7f, 0xff, 0xfa,

    /* U+005F "_" */
    0x18, 0x88, 0x88, 0x88, 0x88, 0x88, 0x88, 0x88,
    0x12, 0xff, 0xff, 0xff, 0xff, 0xff, 0xff, 0xff,
    0xf2,

    /* U+0060 "`" */
    0x46, 0x66, 0x61, 0x0, 0x2e, 0xff, 0xf9, 0x0,
    0x1, 0xdf, 0xff, 0x20, 0x0, 0x1d, 0xff, 0xa0,
    0x0, 0x1, 0xcf, 0xf3,

    /* U+0061 "a" */
    0x0, 0x2, 0x8b, 0xde, 0xff, 0xfd, 0xb7, 0x20,
    0x0, 0x0, 0x8f, 0xff, 0xff, 0xff, 0xff, 0xff,
    0xf7, 0x0, 0x8, 0xff, 0xff, 0xff, 0xff, 0xff,
    0xff, 0xff, 0x50, 0x1f, 0xff, 0xff, 0xfe, 0xa9,
    0xcf, 0xff, 0xff, 0xc0, 0x4d, 0xff, 0xff, 0xb0,
    0x0, 0xc, 0xff, 0xff, 0xf1, 0x0, 0x1, 0x34,
    0x10, 0x0, 0x3c, 0xff, 0xff, 0xf3, 0x0, 0x0,
    0x0, 0x36, 0x9e, 0xff, 0xff, 0xff, 0xf3, 0x0,
    0x28, 0xcf, 0xff, 0xff, 0xff, 0xff, 0xff, 0xf3,
    0x8, 0xff, 0xff, 0xff, 0xfe, 0xac, 0xff, 0xff,
    0xf3, 0x6f, 0xff, 0xff, 0xf9, 0x30, 0x9, 0xff,
    0xff, 0xf3, 0xcf, 0xff, 0xff, 0x40, 0x0, 0xc,
    0xff, 0xff, 0xf3, 0xef, 0xff, 0xff, 0x20, 0x0,
    0x5f, 0xff, 0xff, 0xf3, 0xdf, 0xff, 0xff, 0xc6,
    0x6a, 0xff, 0xff, 0xff, 0xf3, 0x7f, 0xff, 0xff,
    0xff, 0xff, 0xff, 0xff, 0xff, 0xf4, 0xb, 0xff,
    0xff, 0xff, 0xff, 0xc4, 0xff, 0xff, 0xf6, 0x0,
    0x5b, 0xef, 0xfd, 0xa5, 0x0, 0xdf, 0xff, 0xfc,

    /* U+0062 "b" */
    0x2f, 0xff, 0xff, 0xd0, 0x0, 0x0, 0x0, 0x0,
    0x0, 0x2f, 0xff, 0xff, 0xd0, 0x0, 0x0, 0x0,
    0x0, 0x0, 0x2f, 0xff, 0xff, 0xd0, 0x0, 0x0,
    0x0, 0x0, 0x0, 0x2f, 0xff, 0xff, 0xd0, 0x0,
    0x0, 0x0, 0x0, 0x0, 0x2f, 0xff, 0xff, 0xd0,
    0x0, 0x0, 0x0, 0x0, 0x0, 0x2f, 0xff, 0xff,
    0xd0, 0x0, 0x0, 0x0, 0x0, 0x0, 0x2f, 0xff,
    0xff, 0xd0, 0x5b, 0xef, 0xea, 0x30, 0x0, 0x2f,
    0xff, 0xff, 0xea, 0xff, 0xff, 0xff, 0xf8, 0x0,
    0x2f, 0xff, 0xff, 0xff, 0xff, 0xff, 0xff, 0xff,
    0x70, 0x2f, 0xff, 0xff, 0xff, 0xff, 0xff, 0xff,
    0xff, 0xf1, 0x2f, 0xff, 0xff, 0xff, 0xb8, 0xcf,
    0xff, 0xff, 0xf7, 0x2f, 0xff, 0xff, 0xf8, 0x0,
    0xa, 0xff, 0xff, 0xfb, 0x2f, 0xff, 0xff, 0xf0,
    0x0, 0x3, 0xff, 0xff, 0xfd, 0x2f, 0xff, 0xff,
    0xd0, 0x0, 0x0, 0xff, 0xff, 0xfe, 0x2f, 0xff,
    0xff, 0xd0, 0x0, 0x0, 0xff, 0xff, 0xfe, 0x2f,
    0xff, 0xff, 0xf0, 0x0, 0x2, 0xff, 0xff, 0xfc,
    0x2f, 0xff, 0xff, 0xf6, 0x0, 0x9, 0xff, 0xff,
    0xf9, 0x2f, 0xff, 0xff, 0xff, 0xa7, 0xbf, 0xff,
    0xff, 0xf5, 0x2f, 0xff, 0xff, 0xff, 0xff, 0xff,
    0xff, 0xff, 0xd0, 0x2f, 0xff, 0xff, 0xdf, 0xff,
    0xff, 0xff, 0xff, 0x40, 0x2f, 0xff, 0xff, 0x69,
    0xff, 0xff, 0xff, 0xf6, 0x0, 0x2f, 0xff, 0xff,
    0x60, 0x4b, 0xef, 0xd9, 0x20, 0x0,

    /* U+0063 "c" */
    0x0, 0x0, 0x38, 0xce, 0xff, 0xed, 0xa5, 0x0,
    0x0, 0x0, 0x0, 0xaf, 0xff, 0xff, 0xff, 0xff,
    0xfd, 0x30, 0x0, 0x1, 0xdf, 0xff, 0xff, 0xff,
    0xff, 0xff, 0xff, 0x30, 0x0, 0xaf, 0xff, 0xff,
    0xff, 0xff, 0xff, 0xff, 0xfe, 0x0, 0x3f, 0xff,
    0xff, 0xfa, 0x32, 0x4d, 0xff, 0xff, 0xf7, 0x9,
    0xff, 0xff, 0xfa, 0x0, 0x0, 0x1f, 0xdb, 0x97,
    0x40, 0xcf, 0xff, 0xff, 0x30, 0x0, 0x0, 0x0,
    0x0, 0x0, 0xd, 0xff, 0xff, 0xf0, 0x0, 0x0,
    0x0, 0x0, 0x0, 0x0, 0xef, 0xff, 0xff, 0x0,
    0x0, 0x0, 0x0, 0x0, 0x0, 0xc, 0xff, 0xff,
    0xf3, 0x0, 0x0, 0x4, 0x42, 0x0, 0x0, 0xaf,
    0xff, 0xff, 0x90, 0x0, 0x1, 0xff, 0xff, 0xfc,
    0x4, 0xff, 0xff, 0xff, 0x92, 0x14, 0xdf, 0xff,
    0xff, 0x90, 0xb, 0xff, 0xff, 0xff, 0xff, 0xff,
    0xff, 0xff, 0xf1, 0x0, 0x1d, 0xff, 0xff, 0xff,
    0xff, 0xff, 0xff, 0xf4, 0x0, 0x0, 0x1a, 0xff,
    0xff, 0xff, 0xff, 0xff, 0xd4, 0x0, 0x0, 0x0,
    0x2, 0x8b, 0xef, 0xfe, 0xda, 0x50, 0x0, 0x0,

    /* U+0064 "d" */
    0x0, 0x0, 0x0, 0x0, 0x0, 0xd, 0xff, 0xff,
    0xf2, 0x0, 0x0, 0x0, 0x0, 0x0, 0xd, 0xff,
    0xff, 0xf2, 0x0, 0x0, 0x0, 0x0, 0x0, 0xd,
    0xff, 0xff, 0xf2, 0x0, 0x0, 0x0, 0x0, 0x0,
    0xd, 0xff, 0xff, 0xf2, 0x0, 0x0, 0x0, 0x0,
    0x0, 0xd, 0xff, 0xff, 0xf2, 0x0, 0x0, 0x0,
    0x0, 0x0, 0xd, 0xff, 0xff, 0xf2, 0x0, 0x3,
    0xae, 0xfe, 0xb5, 0xd, 0xff, 0xff, 0xf2, 0x0,
    0x8f, 0xff, 0xff, 0xff, 0xad, 0xff, 0xff, 0xf2,
    0x7, 0xff, 0xff, 0xff, 0xff, 0xff, 0xff, 0xff,
    0xf2, 0x1f, 0xff, 0xff, 0xff, 0xff, 0xff, 0xff,
    0xff, 0xf2, 0x7f, 0xff, 0xff, 0xfc, 0x8b, 0xff,
    0xff, 0xff, 0xf2, 0xbf, 0xff, 0xff, 0xa0, 0x0,
    0x8f, 0xff, 0xff, 0xf2, 0xdf, 0xff, 0xff, 0x30,
    0x0, 0xf, 0xff, 0xff, 0xf2, 0xef, 0xff, 0xff,
    0x0, 0x0, 0xd, 0xff, 0xff, 0xf2, 0xef, 0xff,
    0xff, 0x0, 0x0, 0xd, 0xff, 0xff, 0xf2, 0xdf,
    0xff, 0xff, 0x30, 0x0, 0xf, 0xff, 0xff, 0xf2,
    0x9f, 0xff, 0xff, 0xa0, 0x0, 0x6f, 0xff, 0xff,
    0xf2, 0x5f, 0xff, 0xff, 0xfb, 0x7a, 0xff, 0xff,
    0xff, 0xf2, 0xe, 0xff, 0xff, 0xff, 0xff, 0xff,
    0xff, 0xff, 0xf2, 0x5, 0xff, 0xff, 0xff, 0xff,
    0xfd, 0xff, 0xff, 0xf2, 0x0, 0x7f, 0xff, 0xff,
    0xff, 0x96, 0xff, 0xff, 0xf2, 0x0, 0x3, 0xae,
    0xfe, 0xb4, 0x6, 0xff, 0xff, 0xf2,

    /* U+0065 "e" */
    0x0, 0x0, 0x28, 0xce, 0xff, 0xec, 0x94, 0x0,
    0x0, 0x0, 0x0, 0x9f, 0xff, 0xff, 0xff, 0xff,
    0xfc, 0x20, 0x0, 0x0, 0xcf, 0xff, 0xff, 0xff,
    0xff, 0xff, 0xff, 0x20, 0x0, 0xaf, 0xff, 0xff,
    0xea, 0x9d, 0xff, 0xff, 0xfd, 0x0, 0x3f, 0xff,
    0xff, 0xc1, 0x0, 0xa, 0xff, 0xff, 0xf6, 0x9,
    0xff, 0xff, 0xf4, 0x0, 0x0, 0x2f, 0xff, 0xff,
    0xb0, 0xcf, 0xff, 0xff, 0xed, 0xdd, 0xdd, 0xff,
    0xff, 0xfe, 0xe, 0xff, 0xff, 0xff, 0xff, 0xff,
    0xff, 0xff, 0xff, 0xf0, 0xef, 0xff, 0xff, 0xff,
    0xff, 0xff, 0xff, 0xff, 0xff, 0x1d, 0xff, 0xff,
    0xf3, 0x0, 0x0, 0x0, 0x0, 0x0, 0x0, 0x9f,
    0xff, 0xff, 0x70, 0x0, 0x0, 0x0, 0x0, 0x0,
    0x3, 0xff, 0xff, 0xfe, 0x20, 0x0, 0xaf, 0xec,
    0xb9, 0x40, 0xa, 0xff, 0xff, 0xff, 0xa9, 0xdf,
    0xff, 0xff, 0xf2, 0x0, 0xd, 0xff, 0xff, 0xff,
    0xff, 0xff, 0xff, 0xf4, 0x0, 0x0, 0x1a, 0xff,
    0xff, 0xff, 0xff, 0xff, 0xe4, 0x0, 0x0, 0x0,
    0x4, 0x9d, 0xef, 0xff, 0xda, 0x50, 0x0, 0x0,

    /* U+0066 "f" */
    0x0, 0x0, 0x4b, 0xef, 0xfe, 0xdb, 0x50, 0x0,
    0x7f, 0xff, 0xff, 0xff, 0xf5, 0x0, 0x1f, 0xff,
    0xff, 0xff, 0xff, 0x20, 0x5, 0xff, 0xff, 0xff,
    0xed, 0xe0, 0x0, 0x7f, 0xff, 0xff, 0xa0, 0x0,
    0x0, 0x8, 0xff, 0xff, 0xf7, 0x0, 0x0, 0xcf,
    0xff, 0xff, 0xff, 0xff, 0xf4, 0xc, 0xff, 0xff,
    0xff, 0xff, 0xff, 0x40, 0xcf, 0xff, 0xff, 0xff,
    0xff, 0xf4, 0xc, 0xff, 0xff, 0xff, 0xff, 0xff,
    0x40, 0x46, 0xbf, 0xff, 0xff, 0xa6, 0x61, 0x0,
    0x8, 0xff, 0xff, 0xf7, 0x0, 0x0, 0x0, 0x8f,
    0xff, 0xff, 0x70, 0x0, 0x0, 0x8, 0xff, 0xff,
    0xf7, 0x0, 0x0, 0x0, 0x8f, 0xff, 0xff, 0x70,
    0x0, 0x0, 0x8, 0xff, 0xff, 0xf7, 0x0, 0x0,
    0x0, 0x8f, 0xff, 0xff, 0x70, 0x0, 0x0, 0x8,
    0xff, 0xff, 0xf7, 0x0, 0x0, 0x0, 0x8f, 0xff,
    0xff, 0x70, 0x0, 0x0, 0x8, 0xff, 0xff, 0xf7,
    0x0, 0x0, 0x0, 0x8f, 0xff, 0xff, 0x70, 0x0,
    0x0, 0x8, 0xff, 0xff, 0xf7, 0x0, 0x0,

    /* U+0067 "g" */
    0x0, 0x5, 0xbe, 0xfe, 0xb5, 0x6, 0xff, 0xff,
    0xf3, 0x0, 0xbf, 0xff, 0xff, 0xff, 0xa6, 0xff,
    0xff, 0xf3, 0xa, 0xff, 0xff, 0xff, 0xff, 0xfe,
    0xff, 0xff, 0xf3, 0x3f, 0xff, 0xff, 0xff, 0xff,
    0xff, 0xff, 0xff, 0xf3, 0x9f, 0xff, 0xff, 0xf9,
    0x69, 0xff, 0xff, 0xff, 0xf3, 0xcf, 0xff, 0xff,
    0x70, 0x0, 0x6f, 0xff, 0xff, 0xf3, 0xef, 0xff,
    0xff, 0x20, 0x0, 0xe, 0xff, 0xff, 0xf3, 0xef,
    0xff, 0xff, 0x0, 0x0, 0xc, 0xff, 0xff, 0xf3,
    0xdf, 0xff, 0xff, 0x10, 0x0, 0xd, 0xff, 0xff,
    0xf3, 0xbf, 0xff, 0xff, 0x60, 0x0, 0x2f, 0xff,
    0xff, 0xf3, 0x7f, 0xff, 0xff, 0xe6, 0x24, 0xdf,
    0xff, 0xff, 0xf3, 0x1f, 0xff, 0xff, 0xff, 0xff,
    0xff, 0xff, 0xff, 0xf3, 0x6, 0xff, 0xff, 0xff,
    0xff, 0xff, 0xff, 0xff, 0xf3, 0x0, 0x7f, 0xff,
    0xff, 0xff, 0x7c, 0xff, 0xff, 0xf3, 0x0, 0x3,
    0xae, 0xfe, 0xa3, 0xc, 0xff, 0xff, 0xf3, 0x0,
    0x0, 0x0, 0x0, 0x0, 0xd, 0xff, 0xff, 0xf3,
    0x7e, 0xca, 0x86, 0x20, 0x0, 0xf, 0xff, 0xff,
    0xf1, 0x6f, 0xff, 0xff, 0xb0, 0x0, 0x7f, 0xff,
    0xff, 0xd0, 0x3f, 0xff, 0xff, 0xfe, 0xce, 0xff,
    0xff, 0xff, 0x70, 0xb, 0xff, 0xff, 0xff, 0xff,
    0xff, 0xff, 0xfc, 0x0, 0x0, 0xbf, 0xff, 0xff,
    0xff, 0xff, 0xff, 0xb1, 0x0, 0x0, 0x4, 0x9c,
    0xef, 0xff, 0xec, 0x93, 0x0, 0x0,

    /* U+0068 "h" */
    0x3f, 0xff, 0xff, 0xc0, 0x0, 0x0, 0x0, 0x0,
    0x0, 0x3f, 0xff, 0xff, 0xc0, 0x0, 0x0, 0x0,
    0x0, 0x0, 0x3f, 0xff, 0xff, 0xc0, 0x0, 0x0,
    0x0, 0x0, 0x0, 0x3f, 0xff, 0xff, 0xc0, 0x0,
    0x0, 0x0, 0x0, 0x0, 0x3f, 0xff, 0xff, 0xc0,
    0x0, 0x0, 0x0, 0x0, 0x0, 0x3f, 0xff, 0xff,
    0xc0, 0x0, 0x0, 0x0, 0x0, 0x0, 0x3f, 0xff,
    0xff, 0xc0, 0x18, 0xdf, 0xfd, 0x70, 0x0, 0x3f,
    0xff, 0xff, 0xc4, 0xff, 0xff, 0xff, 0xfc, 0x0,
    0x3f, 0xff, 0xff, 0xff, 0xff, 0xff, 0xff, 0xff,
    0x80, 0x3f, 0xff, 0xff, 0xff, 0xff, 0xff, 0xff,
    0xff, 0xe0, 0x3f, 0xff, 0xff, 0xff, 0xdc, 0xff,
    0xff, 0xff, 0xf2, 0x3f, 0xff, 0xff, 0xf8, 0x0,
    0x3f, 0xff, 0xff, 0xf3, 0x3f, 0xff, 0xff, 0xf0,
    0x0, 0xd, 0xff, 0xff, 0xf3, 0x3f, 0xff, 0xff,
    0xd0, 0x0, 0xb, 0xff, 0xff, 0xf4, 0x3f, 0xff,
    0xff, 0xc0, 0x0, 0xb, 0xff, 0xff, 0xf4, 0x3f,
    0xff, 0xff, 0xc0, 0x0, 0xb, 0xff, 0xff, 0xf4,
    0x3f, 0xff, 0xff, 0xc0, 0x0, 0xb, 0xff, 0xff,
    0xf4, 0x3f, 0xff, 0xff, 0xc0, 0x0, 0xb, 0xff,
    0xff, 0xf4, 0x3f, 0xff, 0xff, 0xc0, 0x0, 0xb,
    0xff, 0xff, 0xf4, 0x3f, 0xff, 0xff, 0xc0, 0x0,
    0xb, 0xff, 0xff, 0xf4, 0x3f, 0xff, 0xff, 0xc0,
    0x0, 0xb, 0xff, 0xff, 0xf4, 0x3f, 0xff, 0xff,
    0xc0, 0x0, 0xb, 0xff, 0xff, 0xf4,

    /* U+0069 "i" */
    0xff, 0xff, 0xff, 0xff, 0xff, 0xff, 0xff, 0xff,
    0xff, 0xff, 0xff, 0xff, 0x11, 0x11, 0x11, 0x0,
    0x0, 0x0, 0xff, 0xff, 0xff, 0xff, 0xff, 0xff,
    0xff, 0xff, 0xff, 0xff, 0xff, 0xff, 0xff, 0xff,
    0xff, 0xff, 0xff, 0xff, 0xff, 0xff, 0xff, 0xff,
    0xff, 0xff, 0xff, 0xff, 0xff, 0xff, 0xff, 0xff,
    0xff, 0xff, 0xff, 0xff, 0xff, 0xff, 0xff, 0xff,
    0xff, 0xff, 0xff, 0xff, 0xff, 0xff, 0xff, 0xff,
    0xff, 0xff,

    /* U+006A "j" */
    0x0, 0x0, 0xff, 0xff, 0xff, 0x0, 0x0, 0xf,
    0xff, 0xff, 0xf0, 0x0, 0x0, 0xff, 0xff, 0xff,
    0x0, 0x0, 0xf, 0xff, 0xff, 0xf0, 0x0, 0x0,
    0x12, 0x22, 0x22, 0x0, 0x0, 0x0, 0x0, 0x0,
    0x0, 0x0, 0x0, 0xff, 0xff, 0xff, 0x0, 0x0,
    0xf, 0xff, 0xff, 0xf0, 0x0, 0x0, 0xff, 0xff,
    0xff, 0x0, 0x0, 0xf, 0xff, 0xff, 0xf0, 0x0,
    0x0, 0xff, 0xff, 0xff, 0x0, 0x0, 0xf, 0xff,
    0xff, 0xf0, 0x0, 0x0, 0xff, 0xff, 0xff, 0x0,
    0x0, 0xf, 0xff, 0xff, 0xf0, 0x0, 0x0, 0xff,
    0xff, 0xff, 0x0, 0x0, 0xf, 0xff, 0xff, 0xf0,
    0x0, 0x0, 0xff, 0xff, 0xff, 0x0, 0x0, 0xf,
    0xff, 0xff, 0xf0, 0x0, 0x0, 0xff, 0xff, 0xff,
    0x0, 0x0, 0xf, 0xff, 0xff, 0xf0, 0x0, 0x0,
    0xff, 0xff, 0xff, 0x0, 0x0, 0xf, 0xff, 0xff,
    0xf0, 0x0, 0x4, 0xff, 0xff, 0xff, 0x0, 0x8c,
    0xff, 0xff, 0xff, 0xe0, 0xd, 0xff, 0xff, 0xff,
    0xfc, 0x1, 0xff, 0xff, 0xff, 0xff, 0x70, 0x4f,
    0xff, 0xff, 0xff, 0xc0, 0x3, 0xac, 0xef, 0xed,
    0x70, 0x0,

    /* U+006B "k" */
    0x3f, 0xff, 0xff, 0xe0, 0x0, 0x0, 0x0, 0x0,
    0x0, 0x0, 0x3f, 0xff, 0xff, 0xe0, 0x0, 0x0,
    0x0, 0x0, 0x0, 0x0, 0x3f, 0xff, 0xff, 0xe0,
    0x0, 0x0, 0x0, 0x0, 0x0, 0x0, 0x3f, 0xff,
    0xff, 0xe0, 0x0, 0x0, 0x0, 0x0, 0x0, 0x0,
    0x3f, 0xff, 0xff, 0xe0, 0x0, 0x0, 0x0, 0x0,
    0x0, 0x0, 0x3f, 0xff, 0xff, 0xe0, 0x0, 0x0,
    0x0, 0x0, 0x0, 0x0, 0x3f, 0xff, 0xff, 0xe0,
    0x0, 0x2e, 0xff, 0xff, 0xff, 0x30, 0x3f, 0xff,
    0xff, 0xe0, 0x1, 0xdf, 0xff, 0xff, 0xf3, 0x0,
    0x3f, 0xff, 0xff, 0xe0, 0xb, 0xff, 0xff, 0xff,
    0x30, 0x0, 0x3f, 0xff, 0xff, 0xe0, 0x9f, 0xff,
    0xff, 0xf3, 0x0, 0x0, 0x3f, 0xff, 0xff, 0xe7,
    0xff, 0xff, 0xff, 0x40, 0x0, 0x0, 0x3f, 0xff,
    0xff, 0xff, 0xff, 0xff, 0xf5, 0x0, 0x0, 0x0,
    0x3f, 0xff, 0xff, 0xff, 0xff, 0xff, 0xf9, 0x0,
    0x0, 0x0, 0x3f, 0xff, 0xff, 0xff, 0xff, 0xff,
    0xff, 0x30, 0x0, 0x0, 0x3f, 0xff, 0xff, 0xff,
    0xff, 0xff, 0xff, 0xb0, 0x0, 0x0, 0x3f, 0xff,
    0xff, 0xff, 0xfe, 0xff, 0xff, 0xf5, 0x0, 0x0,
    0x3f, 0xff, 0xff, 0xff, 0x46, 0xff, 0xff, 0xfd,
    0x0, 0x0, 0x3f, 0xff, 0xff, 0xf4, 0x0, 0xef,
    0xff, 0xff, 0x70, 0x0, 0x3f, 0xff, 0xff, 0xe0,
    0x0, 0x6f, 0xff, 0xff, 0xf1, 0x0, 0x3f, 0xff,
    0xff, 0xe0, 0x0, 0xe, 0xff, 0xff, 0xf9, 0x0,
    0x3f, 0xff, 0xff, 0xe0, 0x0, 0x7, 0xff, 0xff,
    0xff, 0x20, 0x3f, 0xff, 0xff, 0xe0, 0x0, 0x0,
    0xef, 0xff, 0xff, 0xb0,

    /* U+006C "l" */
    0xff, 0xff, 0xff, 0xff, 0xff, 0xff, 0xff, 0xff,
    0xff, 0xff, 0xff, 0xff, 0xff, 0xff, 0xff, 0xff,
    0xff, 0xff, 0xff, 0xff, 0xff, 0xff, 0xff, 0xff,
    0xff, 0xff, 0xff, 0xff, 0xff, 0xff, 0xff, 0xff,
    0xff, 0xff, 0xff, 0xff, 0xff, 0xff, 0xff, 0xff,
    0xff, 0xff, 0xff, 0xff, 0xff, 0xff, 0xff, 0xff,
    0xff, 0xff, 0xff, 0xff, 0xff, 0xff, 0xff, 0xff,
    0xff, 0xff, 0xff, 0xff, 0xff, 0xff, 0xff, 0xff,
    0xff, 0xff,

    /* U+006D "m" */
    0x2f, 0xff, 0xff, 0x60, 0x4a, 0xef, 0xec, 0x70,
    0x0, 0x2a, 0xdf, 0xfc, 0x70, 0x0, 0x2f, 0xff,
    0xff, 0x6a, 0xff, 0xff, 0xff, 0xfc, 0x8, 0xff,
    0xff, 0xff, 0xfc, 0x0, 0x2f, 0xff, 0xff, 0xff,
    0xff, 0xff, 0xff, 0xff, 0xef, 0xff, 0xff, 0xff,
    0xff, 0x70, 0x2f, 0xff, 0xff, 0xff, 0xff, 0xff,
    0xff, 0xff, 0xff, 0xff, 0xff, 0xff, 0xff, 0xe0,
    0x2f, 0xff, 0xff, 0xff, 0x98, 0xef, 0xff, 0xff,
    0xff, 0xa8, 0xdf, 0xff, 0xff, 0xf1, 0x2f, 0xff,
    0xff, 0xf5, 0x0, 0x3f, 0xff, 0xff, 0xf8, 0x0,
    0x1f, 0xff, 0xff, 0xf3, 0x2f, 0xff, 0xff, 0xf0,
    0x0, 0xf, 0xff, 0xff, 0xf2, 0x0, 0xc, 0xff,
    0xff, 0xf3, 0x2f, 0xff, 0xff, 0xd0, 0x0, 0xf,
    0xff, 0xff, 0xf0, 0x0, 0xb, 0xff, 0xff, 0xf4,
    0x2f, 0xff, 0xff, 0xd0, 0x0, 0xf, 0xff, 0xff,
    0xf0, 0x0, 0xb, 0xff, 0xff, 0xf4, 0x2f, 0xff,
    0xff, 0xd0, 0x0, 0xf, 0xff, 0xff, 0xf0, 0x0,
    0xb, 0xff, 0xff, 0xf4, 0x2f, 0xff, 0xff, 0xd0,
    0x0, 0xf, 0xff, 0xff, 0xf0, 0x0, 0xb, 0xff,
    0xff, 0xf4, 0x2f, 0xff, 0xff, 0xd0, 0x0, 0xf,
    0xff, 0xff, 0xf0, 0x0, 0xb, 0xff, 0xff, 0xf4,
    0x2f, 0xff, 0xff, 0xd0, 0x0, 0xf, 0xff, 0xff,
    0xf0, 0x0, 0xb, 0xff, 0xff, 0xf4, 0x2f, 0xff,
    0xff, 0xd0, 0x0, 0xf, 0xff, 0xff, 0xf0, 0x0,
    0xb, 0xff, 0xff, 0xf4, 0x2f, 0xff, 0xff, 0xd0,
    0x0, 0xf, 0xff, 0xff, 0xf0, 0x0, 0xb, 0xff,
    0xff, 0xf4, 0x2f, 0xff, 0xff, 0xd0, 0x0, 0xf,
    0xff, 0xff, 0xf0, 0x0, 0xb, 0xff, 0xff, 0xf4,

    /* U+006E "n" */
    0x3f, 0xff, 0xff, 0x50, 0x29, 0xdf, 0xfc, 0x70,
    0x0, 0x3f, 0xff, 0xff, 0x57, 0xff, 0xff, 0xff,
    0xfc, 0x0, 0x3f, 0xff, 0xff, 0xcf, 0xff, 0xff,
    0xff, 0xff, 0x80, 0x3f, 0xff, 0xff, 0xff, 0xff,
    0xff, 0xff, 0xff, 0xe0, 0x3f, 0xff, 0xff, 0xff,
    0x97, 0xdf, 0xff, 0xff, 0xf2, 0x3f, 0xff, 0xff,
    0xf5, 0x0, 0x1f, 0xff, 0xff, 0xf3, 0x3f, 0xff,
    0xff, 0xe0, 0x0, 0xc, 0xff, 0xff, 0xf3, 0x3f,
    0xff, 0xff, 0xc0, 0x0, 0xb, 0xff, 0xff, 0xf4,
    0x3f, 0xff, 0xff, 0xc0, 0x0, 0xb, 0xff, 0xff,
    0xf4, 0x3f, 0xff, 0xff, 0xc0, 0x0, 0xb, 0xff,
    0xff, 0xf4, 0x3f, 0xff, 0xff, 0xc0, 0x0, 0xb,
    0xff, 0xff, 0xf4, 0x3f, 0xff, 0xff, 0xc0, 0x0,
    0xb, 0xff, 0xff, 0xf4, 0x3f, 0xff, 0xff, 0xc0,
    0x0, 0xb, 0xff, 0xff, 0xf4, 0x3f, 0xff, 0xff,
    0xc0, 0x0, 0xb, 0xff, 0xff, 0xf4, 0x3f, 0xff,
    0xff, 0xc0, 0x0, 0xb, 0xff, 0xff, 0xf4, 0x3f,
    0xff, 0xff, 0xc0, 0x0, 0xb, 0xff, 0xff, 0xf4,

    /* U+006F "o" */
    0x0, 0x0, 0x17, 0xbe, 0xff, 0xeb, 0x72, 0x0,
    0x0, 0x0, 0x8, 0xff, 0xff, 0xff, 0xff, 0xff,
    0x90, 0x0, 0x0, 0xbf, 0xff, 0xff, 0xff, 0xff,
    0xff, 0xfc, 0x0, 0x9, 0xff, 0xff, 0xff, 0xff,
    0xff, 0xff, 0xff, 0xa0, 0x2f, 0xff, 0xff, 0xfa,
    0x33, 0x9f, 0xff, 0xff, 0xf3, 0x8f, 0xff, 0xff,
    0xa0, 0x0, 0x9, 0xff, 0xff, 0xf9, 0xcf, 0xff,
    0xff, 0x30, 0x0, 0x3, 0xff, 0xff, 0xfc, 0xef,
    0xff, 0xff, 0x10, 0x0, 0x1, 0xff, 0xff, 0xfe,
    0xef, 0xff, 0xff, 0x10, 0x0, 0x1, 0xff, 0xff,
    0xfe, 0xcf, 0xff, 0xff, 0x30, 0x0, 0x3, 0xff,
    0xff, 0xfc, 0x8f, 0xff, 0xff, 0x90, 0x0, 0x9,
    0xff, 0xff, 0xf8, 0x2f, 0xff, 0xff, 0xf8, 0x22,
    0x8f, 0xff, 0xff, 0xf2, 0x9, 0xff, 0xff, 0xff,
    0xff, 0xff, 0xff, 0xff, 0x90, 0x0, 0xbf, 0xff,
    0xff, 0xff, 0xff, 0xff, 0xfb, 0x0, 0x0, 0x8,
    0xff, 0xff, 0xff, 0xff, 0xff, 0x80, 0x0, 0x0,
    0x0, 0x17, 0xbe, 0xff, 0xeb, 0x71, 0x0, 0x0,

    /* U+0070 "p" */
    0x2f, 0xff, 0xff, 0x60, 0x4b, 0xef, 0xea, 0x30,
    0x0, 0x2f, 0xff, 0xff, 0x69, 0xff, 0xff, 0xff,
    0xf7, 0x0, 0x2f, 0xff, 0xff, 0xdf, 0xff, 0xff,
    0xff, 0xff, 0x50, 0x2f, 0xff, 0xff, 0xff, 0xff,
    0xff, 0xff, 0xff, 0xe0, 0x2f, 0xff, 0xff, 0xff,
    0xa7, 0xbf, 0xff, 0xff, 0xf5, 0x2f, 0xff, 0xff,
    0xf7, 0x0, 0xa, 0xff, 0xff, 0xfa, 0x2f, 0xff,
    0xff, 0xf0, 0x0, 0x3, 0xff, 0xff, 0xfd, 0x2f,
    0xff, 0xff, 0xd0, 0x0, 0x0, 0xff, 0xff, 0xfe,
    0x2f, 0xff, 0xff, 0xd0, 0x0, 0x0, 0xff, 0xff,
    0xfe, 0x2f, 0xff, 0xff, 0xf0, 0x0, 0x2, 0xff,
    0xff, 0xfd, 0x2f, 0xff, 0xff, 0xf8, 0x0, 0x9,
    0xff, 0xff, 0xfb, 0x2f, 0xff, 0xff, 0xff, 0xb8,
    0xcf, 0xff, 0xff, 0xf7, 0x2f, 0xff, 0xff, 0xff,
    0xff, 0xff, 0xff, 0xff, 0xf1, 0x2f, 0xff, 0xff,
    0xff, 0xff, 0xff, 0xff, 0xff, 0x70, 0x2f, 0xff,
    0xff, 0xea, 0xff, 0xff, 0xff, 0xf8, 0x0, 0x2f,
    0xff, 0xff, 0xd0, 0x5b, 0xef, 0xea, 0x30, 0x0,
    0x2f, 0xff, 0xff, 0xd0, 0x0, 0x0, 0x0, 0x0,
    0x0, 0x2f, 0xff, 0xff, 0xd0, 0x0, 0x0, 0x0,
    0x0, 0x0, 0x2f, 0xff, 0xff, 0xd0, 0x0, 0x0,
    0x0, 0x0, 0x0, 0x2f, 0xff, 0xff, 0xd0, 0x0,
    0x0, 0x0, 0x0, 0x0, 0x2f, 0xff, 0xff, 0xd0,
    0x0, 0x0, 0x0, 0x0, 0x0, 0x2f, 0xff, 0xff,
    0xd0, 0x0, 0x0, 0x0, 0x0, 0x0,

    /* U+0071 "q" */
    0x0, 0x2, 0x9d, 0xfe, 0xb4, 0x6, 0xff, 0xff,
    0xf2, 0x0, 0x6f, 0xff, 0xff, 0xff, 0x96, 0xff,
    0xff, 0xf2, 0x4, 0xff, 0xff, 0xff, 0xff, 0xfd,
    0xff, 0xff, 0xf2, 0xe, 0xff, 0xff, 0xff, 0xff,
    0xff, 0xff, 0xff, 0xf2, 0x4f, 0xff, 0xff, 0xfb,
    0x7a, 0xff, 0xff, 0xff, 0xf2, 0x9f, 0xff, 0xff,
    0x90, 0x0, 0x6f, 0xff, 0xff, 0xf2, 0xcf, 0xff,
    0xff, 0x30, 0x0, 0xf, 0xff, 0xff, 0xf2, 0xef,
    0xff, 0xff, 0x0, 0x0, 0xd, 0xff, 0xff, 0xf2,
    0xef, 0xff, 0xff, 0x0, 0x0, 0xd, 0xff, 0xff,
    0xf2, 0xdf, 0xff, 0xff, 0x30, 0x0, 0xf, 0xff,
    0xff, 0xf2, 0xbf, 0xff, 0xff, 0xa0, 0x0, 0x8f,
    0xff, 0xff, 0xf2, 0x7f, 0xff, 0xff, 0xfc, 0x8b,
    0xff, 0xff, 0xff, 0xf2, 0x1f, 0xff, 0xff, 0xff,
    0xff, 0xff, 0xff, 0xff, 0xf2, 0x7, 0xff, 0xff,
    0xff, 0xff, 0xff, 0xff, 0xff, 0xf2, 0x0, 0x8f,
    0xff, 0xff, 0xff, 0xad, 0xff, 0xff, 0xf2, 0x0,
    0x3, 0xae, 0xfe, 0xb5, 0xd, 0xff, 0xff, 0xf2,
    0x0, 0x0, 0x0, 0x0, 0x0, 0xd, 0xff, 0xff,
    0xf2, 0x0, 0x0, 0x0, 0x0, 0x0, 0xd, 0xff,
    0xff, 0xf2, 0x0, 0x0, 0x0, 0x0, 0x0, 0xd,
    0xff, 0xff, 0xf2, 0x0, 0x0, 0x0, 0x0, 0x0,
    0xd, 0xff, 0xff, 0xf2, 0x0, 0x0, 0x0, 0x0,
    0x0, 0xd, 0xff, 0xff, 0xf2, 0x0, 0x0, 0x0,
    0x0, 0x0, 0xd, 0xff, 0xff, 0xf2,

    /* U+0072 "r" */
    0x2f, 0xff, 0xff, 0x70, 0x9e, 0xfd, 0xa0, 0x2f,
    0xff, 0xff, 0x7b, 0xff, 0xff, 0xb0, 0x2f, 0xff,
    0xff, 0xdf, 0xff, 0xff, 0x40, 0x2f, 0xff, 0xff,
    0xff, 0xff, 0xfe, 0x0, 0x2f, 0xff, 0xff, 0xff,
    0xeb, 0xd8, 0x0, 0x2f, 0xff, 0xff, 0xfd, 0x10,
    0x0, 0x0, 0x2f, 0xff, 0xff, 0xf6, 0x0, 0x0,
    0x0, 0x2f, 0xff, 0xff, 0xf1, 0x0, 0x0, 0x0,
    0x2f, 0xff, 0xff, 0xf0, 0x0, 0x0, 0x0, 0x2f,
    0xff, 0xff, 0xe0, 0x0, 0x0, 0x0, 0x2f, 0xff,
    0xff, 0xd0, 0x0, 0x0, 0x0, 0x2f, 0xff, 0xff,
    0xd0, 0x0, 0x0, 0x0, 0x2f, 0xff, 0xff, 0xd0,
    0x0, 0x0, 0x0, 0x2f, 0xff, 0xff, 0xd0, 0x0,
    0x0, 0x0, 0x2f, 0xff, 0xff, 0xd0, 0x0, 0x0,
    0x0, 0x2f, 0xff, 0xff, 0xd0, 0x0, 0x0, 0x0,

    /* U+0073 "s" */
    0x0, 0x0, 0x5a, 0xdf, 0xff, 0xfd, 0xb5, 0x0,
    0x0, 0x0, 0x1d, 0xff, 0xff, 0xff, 0xff, 0xff,
    0xd2, 0x0, 0x0, 0xdf, 0xff, 0xff, 0xff, 0xff,
    0xff, 0xfd, 0x0, 0x5, 0xff, 0xff, 0xf6, 0x34,
    0xcf, 0xff, 0xff, 0x70, 0x8, 0xff, 0xff, 0xd0,
    0x0, 0xa, 0x87, 0x54, 0x20, 0x7, 0xff, 0xff,
    0xfc, 0x75, 0x30, 0x0, 0x0, 0x0, 0x2, 0xff,
    0xff, 0xff, 0xff, 0xff, 0xd9, 0x30, 0x0, 0x0,
    0x7f, 0xff, 0xff, 0xff, 0xff, 0xff, 0xfa, 0x0,
    0x0, 0x4, 0xcf, 0xff, 0xff, 0xff, 0xff, 0xff,
    0x90, 0x0, 0x0, 0x1, 0x48, 0xbe, 0xff, 0xff,
    0xff, 0xf1, 0x0, 0x0, 0x1, 0x10, 0x0, 0x1a,
    0xff, 0xff, 0xf3, 0x1b, 0xce, 0xff, 0xf1, 0x0,
    0x4, 0xff, 0xff, 0xf2, 0xd, 0xff, 0xff, 0xfd,
    0x65, 0x7e, 0xff, 0xff, 0xd0, 0x4, 0xff, 0xff,
    0xff, 0xff, 0xff, 0xff, 0xff, 0x40, 0x0, 0x5f,
    0xff, 0xff, 0xff, 0xff, 0xff, 0xe4, 0x0, 0x0,
    0x1, 0x6a, 0xdf, 0xff, 0xfd, 0xa6, 0x0, 0x0,

    /* U+0074 "t" */
    0x0, 0x0, 0x0, 0x2, 0xb0, 0x0, 0x0, 0x0,
    0x0, 0x2a, 0xff, 0x0, 0x0, 0x0, 0x2, 0xaf,
    0xff, 0xf0, 0x0, 0x0, 0x0, 0xff, 0xff, 0xff,
    0x0, 0x0, 0x0, 0xf, 0xff, 0xff, 0xf0, 0x0,
    0x0, 0x0, 0xff, 0xff, 0xff, 0x0, 0x0, 0x2f,
    0xff, 0xff, 0xff, 0xff, 0xff, 0x42, 0xff, 0xff,
    0xff, 0xff, 0xff, 0xf4, 0x2f, 0xff, 0xff, 0xff,
    0xff, 0xff, 0x42, 0xff, 0xff, 0xff, 0xff, 0xff,
    0xf4, 0x16, 0x6f, 0xff, 0xff, 0xf6, 0x66, 0x10,
    0x0, 0xff, 0xff, 0xff, 0x0, 0x0, 0x0, 0xf,
    0xff, 0xff, 0xf0, 0x0, 0x0, 0x0, 0xff, 0xff,
    0xff, 0x0, 0x0, 0x0, 0xf, 0xff, 0xff, 0xf0,
    0x0, 0x0, 0x0, 0xff, 0xff, 0xff, 0x0, 0x0,
    0x0, 0xf, 0xff, 0xff, 0xf0, 0x0, 0x0, 0x0,
    0xef, 0xff, 0xff, 0x84, 0x70, 0x0, 0xc, 0xff,
    0xff, 0xff, 0xff, 0x20, 0x0, 0x8f, 0xff, 0xff,
    0xff, 0xf4, 0x0, 0x0, 0xdf, 0xff, 0xff, 0xff,
    0x60, 0x0, 0x1, 0x9d, 0xff, 0xed, 0xb4,

    /* U+0075 "u" */
    0x4f, 0xff, 0xff, 0xb0, 0x0, 0xc, 0xff, 0xff,
    0xf3, 0x4f, 0xff, 0xff, 0xb0, 0x0, 0xc, 0xff,
    0xff, 0xf3, 0x4f, 0xff, 0xff, 0xb0, 0x0, 0xc,
    0xff, 0xff, 0xf3, 0x4f, 0xff, 0xff, 0xb0, 0x0,
    0xc, 0xff, 0xff, 0xf3, 0x4f, 0xff, 0xff, 0xb0,
    0x0, 0xc, 0xff, 0xff, 0xf3, 0x4f, 0xff, 0xff,
    0xb0, 0x0, 0xc, 0xff, 0xff, 0xf3, 0x4f, 0xff,
    0xff, 0xb0, 0x0, 0xc, 0xff, 0xff, 0xf3, 0x4f,
    0xff, 0xff, 0xb0, 0x0, 0xc, 0xff, 0xff, 0xf3,
    0x4f, 0xff, 0xff, 0xb0, 0x0, 0xc, 0xff, 0xff,
    0xf3, 0x4f, 0xff, 0xff, 0xc0, 0x0, 0xe, 0xff,
    0xff, 0xf3, 0x3f, 0xff, 0xff, 0xf1, 0x0, 0x5f,
    0xff, 0xff, 0xf3, 0x2f, 0xff, 0xff, 0xfd, 0x79,
    0xff, 0xff, 0xff, 0xf3, 0xe, 0xff, 0xff, 0xff,
    0xff, 0xff, 0xff, 0xff, 0xf3, 0x8, 0xff, 0xff,
    0xff, 0xff, 0xfd, 0xff, 0xff, 0xf3, 0x0, 0xcf,
    0xff, 0xff, 0xff, 0x76, 0xff, 0xff, 0xf3, 0x0,
    0x7, 0xdf, 0xfd, 0x92, 0x6, 0xff, 0xff, 0xf3,

    /* U+0076 "v" */
    0xcf, 0xff, 0xff, 0x60, 0x0, 0x0, 0xcf, 0xff,
    0xff, 0x35, 0xff, 0xff, 0xfa, 0x0, 0x0, 0x1f,
    0xff, 0xff, 0xc0, 0xe, 0xff, 0xff, 0xf0, 0x0,
    0x6, 0xff, 0xff, 0xf5, 0x0, 0x8f, 0xff, 0xff,
    0x40, 0x0, 0xbf, 0xff, 0xfe, 0x0, 0x2, 0xff,
    0xff, 0xf9, 0x0, 0xf, 0xff, 0xff, 0x80, 0x0,
    0xb, 0xff, 0xff, 0xe0, 0x5, 0xff, 0xff, 0xf2,
    0x0, 0x0, 0x5f, 0xff, 0xff, 0x20, 0x9f, 0xff,
    0xfb, 0x0, 0x0, 0x0, 0xef, 0xff, 0xf7, 0xe,
    0xff, 0xff, 0x40, 0x0, 0x0, 0x8, 0xff, 0xff,
    0xc3, 0xff, 0xff, 0xe0, 0x0, 0x0, 0x0, 0x2f,
    0xff, 0xff, 0x9f, 0xff, 0xf7, 0x0, 0x0, 0x0,
    0x0, 0xbf, 0xff, 0xff, 0xff, 0xff, 0x10, 0x0,
    0x0, 0x0, 0x5, 0xff, 0xff, 0xff, 0xff, 0xa0,
    0x0, 0x0, 0x0, 0x0, 0xe, 0xff, 0xff, 0xff,
    0xf3, 0x0, 0x0, 0x0, 0x0, 0x0, 0x8f, 0xff,
    0xff, 0xfd, 0x0, 0x0, 0x0, 0x0, 0x0, 0x1,
    0xff, 0xff, 0xff, 0x60, 0x0, 0x0, 0x0, 0x0,
    0x0, 0xb, 0xff, 0xff, 0xf0, 0x0, 0x0, 0x0,

    /* U+0077 "w" */
    0xcf, 0xff, 0xfe, 0x0, 0x0, 0xa, 0xff, 0xff,
    0xf0, 0x0, 0x0, 0x7f, 0xff, 0xff, 0x36, 0xff,
    0xff, 0xf2, 0x0, 0x0, 0xff, 0xff, 0xff, 0x50,
    0x0, 0xb, 0xff, 0xff, 0xd0, 0x1f, 0xff, 0xff,
    0x60, 0x0, 0x4f, 0xff, 0xff, 0xfa, 0x0, 0x0,
    0xff, 0xff, 0xf7, 0x0, 0xbf, 0xff, 0xfa, 0x0,
    0x9, 0xff, 0xff, 0xff, 0xf0, 0x0, 0x3f, 0xff,
    0xff, 0x10, 0x5, 0xff, 0xff, 0xe0, 0x0, 0xef,
    0xff, 0xff, 0xff, 0x50, 0x7, 0xff, 0xff, 0xc0,
    0x0, 0xf, 0xff, 0xff, 0x20, 0x3f, 0xff, 0xff,
    0xff, 0xfa, 0x0, 0xbf, 0xff, 0xf6, 0x0, 0x0,
    0x9f, 0xff, 0xf6, 0x8, 0xff, 0xff, 0xef, 0xff,
    0xf0, 0xf, 0xff, 0xff, 0x10, 0x0, 0x4, 0xff,
    0xff, 0xa0, 0xdf, 0xff, 0xd7, 0xff, 0xff, 0x43,
    0xff, 0xff, 0xa0, 0x0, 0x0, 0xe, 0xff, 0xfe,
    0x2f, 0xff, 0xf8, 0x1f, 0xff, 0xfa, 0x7f, 0xff,
    0xf5, 0x0, 0x0, 0x0, 0x8f, 0xff, 0xfa, 0xff,
    0xff, 0x30, 0xcf, 0xff, 0xeb, 0xff, 0xff, 0x0,
    0x0, 0x0, 0x2, 0xff, 0xff, 0xff, 0xff, 0xe0,
    0x7, 0xff, 0xff, 0xff, 0xff, 0x90, 0x0, 0x0,
    0x0, 0xd, 0xff, 0xff, 0xff, 0xf9, 0x0, 0x2f,
    0xff, 0xff, 0xff, 0xf4, 0x0, 0x0, 0x0, 0x0,
    0x7f, 0xff, 0xff, 0xff, 0x30, 0x0, 0xcf, 0xff,
    0xff, 0xfe, 0x0, 0x0, 0x0, 0x0, 0x1, 0xff,
    0xff, 0xff, 0xe0, 0x0, 0x7, 0xff, 0xff, 0xff,
    0x80, 0x0, 0x0, 0x0, 0x0, 0xb, 0xff, 0xff,
    0xf9, 0x0, 0x0, 0x2f, 0xff, 0xff, 0xf2, 0x0,
    0x0, 0x0, 0x0, 0x0, 0x5f, 0xff, 0xff, 0x40,
    0x0, 0x0, 0xdf, 0xff, 0xfd, 0x0, 0x0, 0x0,

    /* U+0078 "x" */
    0x3f, 0xff, 0xff, 0xfc, 0x0, 0x0, 0x7f, 0xff,
    0xff, 0xf2, 0x7, 0xff, 0xff, 0xff, 0x50, 0x2,
    0xff, 0xff, 0xff, 0x60, 0x0, 0xcf, 0xff, 0xff,
    0xe0, 0xb, 0xff, 0xff, 0xfb, 0x0, 0x0, 0x2f,
    0xff, 0xff, 0xf7, 0x6f, 0xff, 0xff, 0xe1, 0x0,
    0x0, 0x6, 0xff, 0xff, 0xff, 0xef, 0xff, 0xff,
    0x50, 0x0, 0x0, 0x0, 0xaf, 0xff, 0xff, 0xff,
    0xff, 0xfa, 0x0, 0x0, 0x0, 0x0, 0x1e, 0xff,
    0xff, 0xff, 0xff, 0xe0, 0x0, 0x0, 0x0, 0x0,
    0x5, 0xff, 0xff, 0xff, 0xff, 0x50, 0x0, 0x0,
    0x0, 0x0, 0xc, 0xff, 0xff, 0xff, 0xff, 0xb0,
    0x0, 0x0, 0x0, 0x0, 0x7f, 0xff, 0xff, 0xff,
    0xff, 0xf6, 0x0, 0x0, 0x0, 0x2, 0xff, 0xff,
    0xff, 0xff, 0xff, 0xff, 0x20, 0x0, 0x0, 0xc,
    0xff, 0xff, 0xf9, 0xaf, 0xff, 0xff, 0xc0, 0x0,
    0x0, 0x7f, 0xff, 0xff, 0xd0, 0x1f, 0xff, 0xff,
    0xf7, 0x0, 0x2, 0xff, 0xff, 0xff, 0x40, 0x8,
    0xff, 0xff, 0xff, 0x20, 0xc, 0xff, 0xff, 0xf9,
    0x0, 0x0, 0xef, 0xff, 0xff, 0xc0, 0x8f, 0xff,
    0xff, 0xe0, 0x0, 0x0, 0x6f, 0xff, 0xff, 0xf7,

    /* U+0079 "y" */
    0xbf, 0xff, 0xff, 0x80, 0x0, 0x0, 0x9f, 0xff,
    0xff, 0x34, 0xff, 0xff, 0xfd, 0x0, 0x0, 0xe,
    0xff, 0xff, 0xd0, 0xd, 0xff, 0xff, 0xf2, 0x0,
    0x2, 0xff, 0xff, 0xf8, 0x0, 0x7f, 0xff, 0xff,
    0x70, 0x0, 0x7f, 0xff, 0xff, 0x20, 0x1, 0xff,
    0xff, 0xfc, 0x0, 0xb, 0xff, 0xff, 0xc0, 0x0,
    0xa, 0xff, 0xff, 0xf1, 0x0, 0xff, 0xff, 0xf6,
    0x0, 0x0, 0x3f, 0xff, 0xff, 0x50, 0x4f, 0xff,
    0xff, 0x0, 0x0, 0x0, 0xcf, 0xff, 0xfa, 0x9,
    0xff, 0xff, 0xa0, 0x0, 0x0, 0x6, 0xff, 0xff,
    0xf0, 0xdf, 0xff, 0xf4, 0x0, 0x0, 0x0, 0xe,
    0xff, 0xff, 0x7f, 0xff, 0xfe, 0x0, 0x0, 0x0,
    0x0, 0x8f, 0xff, 0xff, 0xff, 0xff, 0x80, 0x0,
    0x0, 0x0, 0x2, 0xff, 0xff, 0xff, 0xff, 0xf3,
    0x0, 0x0, 0x0, 0x0, 0xb, 0xff, 0xff, 0xff,
    0xfd, 0x0, 0x0, 0x0, 0x0, 0x0, 0x4f, 0xff,
    0xff, 0xff, 0x70, 0x0, 0x0, 0x0, 0x0, 0x0,
    0xdf, 0xff, 0xff, 0xf1, 0x0, 0x0, 0x0, 0x0,
    0x0, 0x8, 0xff, 0xff, 0xfb, 0x0, 0x0, 0x0,
    0x0, 0x0, 0x0, 0xcf, 0xff, 0xff, 0x50, 0x0,
    0x0, 0x0, 0x63, 0x23, 0xaf, 0xff, 0xff, 0xe0,
    0x0, 0x0, 0x0, 0xf, 0xff, 0xff, 0xff, 0xff,
    0xf8, 0x0, 0x0, 0x0, 0x0, 0xdf, 0xff, 0xff,
    0xff, 0xfe, 0x0, 0x0, 0x0, 0x0, 0xb, 0xff,
    0xff, 0xff, 0xfe, 0x30, 0x0, 0x0, 0x0, 0x0,
    0x7c, 0xef, 0xfe, 0xc8, 0x10, 0x0, 0x0, 0x0,
    0x0,

    /* U+007A "z" */
    0xe, 0xff, 0xff, 0xff, 0xff, 0xff, 0xff, 0xf9,
    0x0, 0xef, 0xff, 0xff, 0xff, 0xff, 0xff, 0xff,
    0x90, 0xe, 0xff, 0xff, 0xff, 0xff, 0xff, 0xff,
    0xf9, 0x0, 0xef, 0xff, 0xff, 0xff, 0xff, 0xff,
    0xff, 0x70, 0x1, 0x11, 0x11, 0x17, 0xff, 0xff,
    0xff, 0x90, 0x0, 0x0, 0x0, 0x5, 0xff, 0xff,
    0xff, 0xa0, 0x0, 0x0, 0x0, 0x4, 0xff, 0xff,
    0xff, 0xb0, 0x0, 0x0, 0x0, 0x3, 0xff, 0xff,
    0xff, 0xc0, 0x0, 0x0, 0x0, 0x2, 0xef, 0xff,
    0xff, 0xd1, 0x0, 0x0, 0x0, 0x2, 0xef, 0xff,
    0xff, 0xd1, 0x0, 0x0, 0x0, 0x1, 0xdf, 0xff,
    0xff, 0xe2, 0x0, 0x0, 0x0, 0x1, 0xdf, 0xff,
    0xff, 0xf4, 0x11, 0x11, 0x11, 0x10, 0x7f, 0xff,
    0xff, 0xff, 0xff, 0xff, 0xff, 0xff, 0x7, 0xff,
    0xff, 0xff, 0xff, 0xff, 0xff, 0xff, 0xf0, 0x7f,
    0xff, 0xff, 0xff, 0xff, 0xff, 0xff, 0xff, 0x7,
    0xff, 0xff, 0xff, 0xff, 0xff, 0xff, 0xff, 0xf0,

    /* U+007B "{" */
    0x0, 0x0, 0x6, 0xbe, 0xff, 0xf5, 0x0, 0x0,
    0xaf, 0xff, 0xff, 0xf5, 0x0, 0x4, 0xff, 0xff,
    0xff, 0xf5, 0x0, 0x9, 0xff, 0xff, 0xff, 0xf5,
    0x0, 0xb, 0xff, 0xff, 0xff, 0xd4, 0x0, 0xc,
    0xff, 0xff, 0xe2, 0x0, 0x0, 0xc, 0xff, 0xff,
    0xa0, 0x0, 0x0, 0xc, 0xff, 0xff, 0x80, 0x0,
    0x0, 0xd, 0xff, 0xff, 0x80, 0x0, 0x0, 0x1f,
    0xff, 0xff, 0x70, 0x0, 0x2, 0xbf, 0xff, 0xff,
    0x50, 0x0, 0xaf, 0xff, 0xff, 0xff, 0x10, 0x0,
    0xaf, 0xff, 0xff, 0xf7, 0x0, 0x0, 0xaf, 0xff,
    0xff, 0x60, 0x0, 0x0, 0xaf, 0xff, 0xff, 0xf5,
    0x0, 0x0, 0xaf, 0xff, 0xff, 0xfe, 0x0, 0x0,
    0x3, 0xcf, 0xff, 0xff, 0x40, 0x0, 0x0, 0x1f,
    0xff, 0xff, 0x70, 0x0, 0x0, 0xd, 0xff, 0xff,
    0x80, 0x0, 0x0, 0xc, 0xff, 0xff, 0x80, 0x0,
    0x0, 0xc, 0xff, 0xff, 0x90, 0x0, 0x0, 0xc,
    0xff, 0xff, 0xa0, 0x0, 0x0, 0xc, 0xff, 0xff,
    0xe1, 0x0, 0x0, 0xb, 0xff, 0xff, 0xff, 0xc4,
    0x0, 0x8, 0xff, 0xff, 0xff, 0xf5, 0x0, 0x3,
    0xff, 0xff, 0xff, 0xf5, 0x0, 0x0, 0x9f, 0xff,
    0xff, 0xf5, 0x0, 0x0, 0x5, 0xbe, 0xff, 0xf5,

    /* U+007C "|" */
    0xaf, 0xff, 0x1a, 0xff, 0xf1, 0xaf, 0xff, 0x1a,
    0xff, 0xf1, 0xaf, 0xff, 0x1a, 0xff, 0xf1, 0xaf,
    0xff, 0x1a, 0xff, 0xf1, 0xaf, 0xff, 0x1a, 0xff,
    0xf1, 0xaf, 0xff, 0x1a, 0xff, 0xf1, 0xaf, 0xff,
    0x1a, 0xff, 0xf1, 0xaf, 0xff, 0x1a, 0xff, 0xf1,
    0xaf, 0xff, 0x1a, 0xff, 0xf1, 0xaf, 0xff, 0x1a,
    0xff, 0xf1, 0xaf, 0xff, 0x1a, 0xff, 0xf1, 0xaf,
    0xff, 0x1a, 0xff, 0xf1, 0xaf, 0xff, 0x1a, 0xff,
    0xf1, 0xaf, 0xff, 0x1a, 0xff, 0xf1,

    /* U+007D "}" */
    0xaf, 0xff, 0xda, 0x30, 0x0, 0x0, 0xaf, 0xff,
    0xff, 0xf5, 0x0, 0x0, 0xaf, 0xff, 0xff, 0xfe,
    0x0, 0x0, 0xaf, 0xff, 0xff, 0xff, 0x40, 0x0,
    0x8e, 0xff, 0xff, 0xff, 0x60, 0x0, 0x0, 0x6f,
    0xff, 0xff, 0x70, 0x0, 0x0, 0xf, 0xff, 0xff,
    0x70, 0x0, 0x0, 0xd, 0xff, 0xff, 0x70, 0x0,
    0x0, 0xd, 0xff, 0xff, 0x80, 0x0, 0x0, 0xc,
    0xff, 0xff, 0xb0, 0x0, 0x0, 0xa, 0xff, 0xff,
    0xf7, 0x10, 0x0, 0x6, 0xff, 0xff, 0xff, 0xf4,
    0x0, 0x0, 0xcf, 0xff, 0xff, 0xf4, 0x0, 0x0,
    0xb, 0xff, 0xff, 0xf4, 0x0, 0x0, 0xaf, 0xff,
    0xff, 0xf4, 0x0, 0x4, 0xff, 0xff, 0xff, 0xf4,
    0x0, 0xa, 0xff, 0xff, 0xf8, 0x20, 0x0, 0xc,
    0xff, 0xff, 0xb0, 0x0, 0x0, 0xd, 0xff, 0xff,
    0x80, 0x0, 0x0, 0xd, 0xff, 0xff, 0x60, 0x0,
    0x0, 0xe, 0xff, 0xff, 0x60, 0x0, 0x0, 0xf,
    0xff, 0xff, 0x70, 0x0, 0x0, 0x5f, 0xff, 0xff,
    0x70, 0x0, 0x8d, 0xff, 0xff, 0xff, 0x60, 0x0,
    0xaf, 0xff, 0xff, 0xff, 0x30, 0x0, 0xaf, 0xff,
    0xff, 0xfe, 0x0, 0x0, 0xaf, 0xff, 0xff, 0xf4,
    0x0, 0x0, 0xaf, 0xff, 0xda, 0x20, 0x0, 0x0,

    /* U+007E "~" */
    0x0, 0x3a, 0xef, 0xd9, 0x30, 0x0, 0x0, 0x0,
    0x53, 0xa, 0xff, 0xff, 0xff, 0xfc, 0x50, 0x0,
    0x2a, 0xf4, 0x8f, 0xff, 0xff, 0xff, 0xff, 0xff,
    0xdd, 0xff, 0xf4, 0x8f, 0xff, 0xff, 0xff, 0xff,
    0xff, 0xff, 0xff, 0xf4, 0x8f, 0xff, 0xdd, 0xff,
    0xff, 0xff, 0xff, 0xff, 0xf3, 0x8f, 0x81, 0x0,
    0x17, 0xdf, 0xff, 0xff, 0xff, 0x50, 0x62, 0x0,
    0x0, 0x0, 0x5, 0xbe, 0xfd, 0x81, 0x0,

    /* U+00B0 "°" */
    0x0, 0x6, 0xaa, 0x50, 0x0, 0x1, 0xdf, 0xff,
    0xfc, 0x0, 0xb, 0xff, 0xff, 0xff, 0x90, 0x1f,
    0xfd, 0x23, 0xef, 0xf0, 0x3f, 0xf7, 0x0, 0xaf,
    0xf1, 0x2f, 0xfb, 0x0, 0xdf, 0xf0, 0xd, 0xff,
    0xde, 0xff, 0xb0, 0x3, 0xff, 0xff, 0xfe, 0x20,
    0x0, 0x3b, 0xff, 0xa2, 0x0
};


/*---------------------
 *  GLYPH DESCRIPTION
 *--------------------*/

static const lv_font_fmt_txt_glyph_dsc_t glyph_dsc[] = {
    {.bitmap_index = 0, .adv_w = 0, .box_w = 0, .box_h = 0, .ofs_x = 0, .ofs_y = 0} /* id = 0 reserved */,
    {.bitmap_index = 0, .adv_w = 160, .box_w = 0, .box_h = 0, .ofs_x = 0, .ofs_y = 0},
    {.bitmap_index = 0, .adv_w = 160, .box_w = 8, .box_h = 22, .ofs_x = 1, .ofs_y = 0},
    {.bitmap_index = 88, .adv_w = 240, .box_w = 15, .box_h = 8, .ofs_x = 0, .ofs_y = 14},
    {.bitmap_index = 148, .adv_w = 317, .box_w = 19, .box_h = 22, .ofs_x = 0, .ofs_y = 0},
    {.bitmap_index = 357, .adv_w = 320, .box_w = 19, .box_h = 27, .ofs_x = 0, .ofs_y = -3},
    {.bitmap_index = 614, .adv_w = 480, .box_w = 28, .box_h = 23, .ofs_x = 1, .ofs_y = -1},
    {.bitmap_index = 936, .adv_w = 427, .box_w = 24, .box_h = 22, .ofs_x = 2, .ofs_y = 0},
    {.bitmap_index = 1200, .adv_w = 133, .box_w = 7, .box_h = 8, .ofs_x = 1, .ofs_y = 14},
    {.bitmap_index = 1228, .adv_w = 187, .box_w = 10, .box_h = 28, .ofs_x = 1, .ofs_y = -6},
    {.bitmap_index = 1368, .adv_w = 187, .box_w = 10, .box_h = 28, .ofs_x = 1, .ofs_y = -6},
    {.bitmap_index = 1508, .adv_w = 267, .box_w = 12, .box_h = 11, .ofs_x = 2, .ofs_y = 11},
    {.bitmap_index = 1574, .adv_w = 317, .box_w = 17, .box_h = 17, .ofs_x = 1, .ofs_y = 3},
    {.bitmap_index = 1719, .adv_w = 160, .box_w = 8, .box_h = 13, .ofs_x = 1, .ofs_y = -7},
    {.bitmap_index = 1771, .adv_w = 160, .box_w = 10, .box_h = 5, .ofs_x = 0, .ofs_y = 6},
    {.bitmap_index = 1796, .adv_w = 160, .box_w = 8, .box_h = 7, .ofs_x = 1, .ofs_y = 0},
    {.bitmap_index = 1824, .adv_w = 133, .box_w = 9, .box_h = 22, .ofs_x = 0, .ofs_y = 0},
    {.bitmap_index = 1923, .adv_w = 320, .box_w = 18, .box_h = 22, .ofs_x = 1, .ofs_y = 0},
    {.bitmap_index = 2121, .adv_w = 320, .box_w = 13, .box_h = 22, .ofs_x = 2, .ofs_y = 0},
    {.bitmap_index = 2264, .adv_w = 320, .box_w = 19, .box_h = 22, .ofs_x = 0, .ofs_y = 0},
    {.bitmap_index = 2473, .adv_w = 320, .box_w = 18, .box_h = 22, .ofs_x = 1, .ofs_y = 0},
    {.bitmap_index = 2671, .adv_w = 320, .box_w = 20, .box_h = 22, .ofs_x = 0, .ofs_y = 0},
    {.bitmap_index = 2891, .adv_w = 320, .box_w = 19, .box_h = 22, .ofs_x = 0, .ofs_y = 0},
    {.bitmap_index = 3100, .adv_w = 320, .box_w = 18, .box_h = 22, .ofs_x = 1, .ofs_y = 0},
    {.bitmap_index = 3298, .adv_w = 320, .box_w = 18, .box_h = 22, .ofs_x = 1, .ofs_y = 0},
    {.bitmap_index = 3496, .adv_w = 320, .box_w = 18, .box_h = 22, .ofs_x = 1, .ofs_y = 0},
    {.bitmap_index = 3694, .adv_w = 320, .box_w = 18, .box_h = 22, .ofs_x = 1, .ofs_y = 0},
    {.bitmap_index = 3892, .adv_w = 160, .box_w = 8, .box_h = 16, .ofs_x = 1, .ofs_y = 0},
    {.bitmap_index = 3956, .adv_w = 160, .box_w = 8, .box_h = 23, .ofs_x = 1, .ofs_y = -7},
    {.bitmap_index = 4048, .adv_w = 317, .box_w = 18, .box_h = 19, .ofs_x = 1, .ofs_y = 1},
    {.bitmap_index = 4219, .adv_w = 317, .box_w = 17, .box_h = 12, .ofs_x = 1, .ofs_y = 5},
    {.bitmap_index = 4321, .adv_w = 317, .box_w = 18, .box_h = 19, .ofs_x = 1, .ofs_y = 1},
    {.bitmap_index = 4492, .adv_w = 293, .box_w = 17, .box_h = 22, .ofs_x = 1, .ofs_y = 0},
    {.bitmap_index = 4679, .adv_w = 355, .box_w = 24, .box_h = 26, .ofs_x = -1, .ofs_y = -4},
    {.bitmap_index = 4991, .adv_w = 373, .box_w = 24, .box_h = 22, .ofs_x = 0, .ofs_y = 0},
    {.bitmap_index = 5255, .adv_w = 373, .box_w = 21, .box_h = 22, .ofs_x = 2, .ofs_y = 0},
    {.bitmap_index = 5486, .adv_w = 373, .box_w = 22, .box_h = 22, .ofs_x = 1, .ofs_y = 0},
    {.bitmap_index = 5728, .adv_w = 373, .box_w = 21, .box_h = 22, .ofs_x = 2, .ofs_y = 0},
    {.bitmap_index = 5959, .adv_w = 347, .box_w = 19, .box_h = 22, .ofs_x = 2, .ofs_y = 0},
    {.bitmap_index = 6168, .adv_w = 320, .box_w = 17, .box_h = 22, .ofs_x = 2, .ofs_y = 0},
    {.bitmap_index = 6355, .adv_w = 400, .box_w = 23, .box_h = 22, .ofs_x = 1, .ofs_y = 0},
    {.bitmap_index = 6608, .adv_w = 400, .box_w = 21, .box_h = 22, .ofs_x = 2, .ofs_y = 0},
    {.bitmap_index = 6839, .adv_w = 187, .box_w = 8, .box_h = 22, .ofs_x = 2, .ofs_y = 0},
    {.bitmap_index = 6927, .adv_w = 320, .box_w = 18, .box_h = 22, .ofs_x = 0, .ofs_y = 0},
    {.bitmap_index = 7125, .adv_w = 400, .box_w = 23, .box_h = 22, .ofs_x = 2, .ofs_y = 0},
    {.bitmap_index = 7378, .adv_w = 320, .box_w = 18, .box_h = 22, .ofs_x = 2, .ofs_y = 0},
    {.bitmap_index = 7576, .adv_w = 453, .box_w = 25, .box_h = 22, .ofs_x = 2, .ofs_y = 0},
    {.bitmap_index = 7851, .adv_w = 400, .box_w = 21, .box_h = 22, .ofs_x = 2, .ofs_y = 0},
    {.bitmap_index = 8082, .adv_w = 400, .box_w = 23, .box_h = 22, .ofs_x = 1, .ofs_y = 0},
    {.bitmap_index = 8335, .adv_w = 347, .box_w = 19, .box_h = 22, .ofs_x = 2, .ofs_y = 0},
    {.bitmap_index = 8544, .adv_w = 400, .box_w = 24, .box_h = 25, .ofs_x = 1, .ofs_y = -3},
    {.bitmap_index = 8844, .adv_w = 373, .box_w = 22, .box_h = 22, .ofs_x = 2, .ofs_y = 0},
    {.bitmap_index = 9086, .adv_w = 347, .box_w = 20, .box_h = 22, .ofs_x = 1, .ofs_y = 0},
    {.bitmap_index = 9306, .adv_w = 347, .box_w = 21, .box_h = 22, .ofs_x = 0, .ofs_y = 0},
    {.bitmap_index = 9537, .adv_w = 400, .box_w = 21, .box_h = 22, .ofs_x = 2, .ofs_y = 0},
    {.bitmap_index = 9768, .adv_w = 373, .box_w = 24, .box_h = 22, .ofs_x = 0, .ofs_y = 0},
    {.bitmap_index = 10032, .adv_w = 480, .box_w = 32, .box_h = 22, .ofs_x = -1, .ofs_y = 0},
    {.bitmap_index = 10384, .adv_w = 373, .box_w = 24, .box_h = 22, .ofs_x = 0, .ofs_y = 0},
    {.bitmap_index = 10648, .adv_w = 373, .box_w = 24, .box_h = 22, .ofs_x = 0, .ofs_y = 0},
    {.bitmap_index = 10912, .adv_w = 347, .box_w = 21, .box_h = 22, .ofs_x = 0, .ofs_y = 0},
    {.bitmap_index = 11143, .adv_w = 187, .box_w = 10, .box_h = 28, .ofs_x = 1, .ofs_y = -6},
    {.bitmap_index = 11283, .adv_w = 133, .box_w = 10, .box_h = 22, .ofs_x = -1, .ofs_y = 0},
    {.bitmap_index = 11393, .adv_w = 187, .box_w = 10, .box_h = 28, .ofs_x = 0, .ofs_y = -6},
    {.bitmap_index = 11533, .adv_w = 317, .box_w = 17, .box_h = 12, .ofs_x = 1, .ofs_y = 10},
    {.bitmap_index = 11635, .adv_w = 240, .box_w = 17, .box_h = 2, .ofs_x = -1, .ofs_y = -4},
    {.bitmap_index = 11652, .adv_w = 160, .box_w = 8, .box_h = 5, .ofs_x = 0, .ofs_y = 18},
    {.bitmap_index = 11672, .adv_w = 320, .box_w = 18, .box_h = 16, .ofs_x = 1, .ofs_y = 0},
    {.bitmap_index = 11816, .adv_w = 320, .box_w = 18, .box_h = 22, .ofs_x = 1, .ofs_y = 0},
    {.bitmap_index = 12014, .adv_w = 320, .box_w = 19, .box_h = 16, .ofs_x = 1, .ofs_y = 0},
    {.bitmap_index = 12166, .adv_w = 320, .box_w = 18, .box_h = 22, .ofs_x = 1, .ofs_y = 0},
    {.bitmap_index = 12364, .adv_w = 320, .box_w = 19, .box_h = 16, .ofs_x = 1, .ofs_y = 0},
    {.bitmap_index = 12516, .adv_w = 187, .box_w = 13, .box_h = 22, .ofs_x = 0, .ofs_y = 0},
    {.bitmap_index = 12659, .adv_w = 320, .box_w = 18, .box_h = 22, .ofs_x = 1, .ofs_y = -6},
    {.bitmap_index = 12857, .adv_w = 320, .box_w = 18, .box_h = 22, .ofs_x = 1, .ofs_y = 0},
    {.bitmap_index = 13055, .adv_w = 160, .box_w = 6, .box_h = 22, .ofs_x = 2, .ofs_y = 0},
    {.bitmap_index = 13121, .adv_w = 160, .box_w = 11, .box_h = 28, .ofs_x = -2, .ofs_y = -6},
    {.bitmap_index = 13275, .adv_w = 320, .box_w = 20, .box_h = 22, .ofs_x = 1, .ofs_y = 0},
    {.bitmap_index = 13495, .adv_w = 160, .box_w = 6, .box_h = 22, .ofs_x = 2, .ofs_y = 0},
    {.bitmap_index = 13561, .adv_w = 480, .box_w = 28, .box_h = 16, .ofs_x = 1, .ofs_y = 0},
    {.bitmap_index = 13785, .adv_w = 320, .box_w = 18, .box_h = 16, .ofs_x = 1, .ofs_y = 0},
    {.bitmap_index = 13929, .adv_w = 320, .box_w = 18, .box_h = 16, .ofs_x = 1, .ofs_y = 0},
    {.bitmap_index = 14073, .adv_w = 320, .box_w = 18, .box_h = 22, .ofs_x = 1, .ofs_y = -6},
    {.bitmap_index = 14271, .adv_w = 320, .box_w = 18, .box_h = 22, .ofs_x = 1, .ofs_y = -6},
    {.bitmap_index = 14469, .adv_w = 213, .box_w = 14, .box_h = 16, .ofs_x = 1, .ofs_y = 0},
    {.bitmap_index = 14581, .adv_w = 293, .box_w = 18, .box_h = 16, .ofs_x = 0, .ofs_y = 0},
    {.bitmap_index = 14725, .adv_w = 213, .box_w = 13, .box_h = 22, .ofs_x = 0, .ofs_y = 0},
    {.bitmap_index = 14868, .adv_w = 320, .box_w = 18, .box_h = 16, .ofs_x = 1, .ofs_y = 0},
    {.bitmap_index = 15012, .adv_w = 293, .box_w = 19, .box_h = 16, .ofs_x = 0, .ofs_y = 0},
    {.bitmap_index = 15164, .adv_w = 453, .box_w = 29, .box_h = 16, .ofs_x = 0, .ofs_y = 0},
    {.bitmap_index = 15396, .adv_w = 320, .box_w = 20, .box_h = 16, .ofs_x = 0, .ofs_y = 0},
    {.bitmap_index = 15556, .adv_w = 293, .box_w = 19, .box_h = 22, .ofs_x = 0, .ofs_y = -6},
    {.bitmap_index = 15765, .adv_w = 267, .box_w = 17, .box_h = 16, .ofs_x = 0, .ofs_y = 0},
    {.bitmap_index = 15901, .adv_w = 187, .box_w = 12, .box_h = 28, .ofs_x = 0, .ofs_y = -6},
    {.bitmap_index = 16069, .adv_w = 133, .box_w = 5, .box_h = 28, .ofs_x = 2, .ofs_y = -6},
    {.bitmap_index = 16139, .adv_w = 187, .box_w = 12, .box_h = 28, .ofs_x = 0, .ofs_y = -6},
    {.bitmap_index = 16307, .adv_w = 317, .box_w = 18, .box_h = 7, .ofs_x = 1, .ofs_y = 7},
    {.bitmap_index = 16370, .adv_w = 192, .box_w = 10, .box_h = 9, .ofs_x = 1, .ofs_y = 14}
};

/*---------------------
 *  CHARACTER MAPPING
 *--------------------*/



/*Collect the unicode lists and glyph_id offsets*/
static const lv_font_fmt_txt_cmap_t cmaps[] =
{
    {
        .range_start = 32, .range_length = 95, .glyph_id_start = 1,
        .unicode_list = NULL, .glyph_id_ofs_list = NULL, .list_length = 0, .type = LV_FONT_FMT_TXT_CMAP_FORMAT0_TINY
    },
    {
        .range_start = 176, .range_length = 1, .glyph_id_start = 96,
        .unicode_list = NULL, .glyph_id_ofs_list = NULL, .list_length = 0, .type = LV_FONT_FMT_TXT_CMAP_FORMAT0_TINY
    }
};



/*--------------------
 *  ALL CUSTOM DATA
 *--------------------*/

#if LVGL_VERSION_MAJOR == 8
/*Store all the custom data of the font*/
static  lv_font_fmt_txt_glyph_cache_t cache;
#endif

#if LVGL_VERSION_MAJOR >= 8
static const lv_font_fmt_txt_dsc_t font_dsc = {
#else
static lv_font_fmt_txt_dsc_t font_dsc = {
#endif
    .glyph_bitmap = glyph_bitmap,
    .glyph_dsc = glyph_dsc,
    .cmaps = cmaps,
    .kern_dsc = NULL,
    .kern_scale = 0,
    .cmap_num = 2,
    .bpp = 4,
    .kern_classes = 0,
    .bitmap_format = 0,
#if LVGL_VERSION_MAJOR == 8
    .cache = &cache
#endif
};



/*-----------------
 *  PUBLIC FONT
 *----------------*/

/*Initialize a public general font descriptor*/
#if LVGL_VERSION_MAJOR >= 8
const lv_font_t brutal_30 = {
#else
lv_font_t brutal_30 = {
#endif
    .get_glyph_dsc = lv_font_get_glyph_dsc_fmt_txt,    /*Function pointer to get glyph's data*/
    .get_glyph_bitmap = lv_font_get_bitmap_fmt_txt,    /*Function pointer to get glyph's bitmap*/
    .line_height = 31,          /*The maximum line height required by the font*/
    .base_line = 7,             /*Baseline measured from the bottom of the line*/
#if !(LVGL_VERSION_MAJOR == 6 && LVGL_VERSION_MINOR == 0)
    .subpx = LV_FONT_SUBPX_NONE,
#endif
#if LV_VERSION_CHECK(7, 4, 0) || LVGL_VERSION_MAJOR >= 8
    .underline_position = -4,
    .underline_thickness = 2,
#endif
    .dsc = &font_dsc,          /*The custom font data. Will be accessed by `get_glyph_bitmap/dsc` */
#if LV_VERSION_CHECK(8, 2, 0) || LVGL_VERSION_MAJOR >= 9
    .fallback = NULL,
#endif
    .user_data = NULL,
};



#endif /*#if BRUTAL_30*/

